24,1627.62
25,1441.7
26,1487.84
27,1507.32
28,1487.07
29,1651.79
30,1594.32
31,1656.76
32,1640.03
33,1654.05
34,1703.54
35,1529.76
36,1534.96
37,1621.34
38,1557.11
39,1625.08
40,1524.75
41,1548.64
42,1616.78
43,1510.19
44,1533.81
45,1644.11
46,1584.36
47,1490.78
48,1448.9
49,1402.43
50,1491
51,1571.93
52,1440.53
53,1696.24
54,1432.2
55,1665.66
56,1592.51
57,1546.43
58,1593.09
59,1576.72
60,1437.14
61,1434.1
62,1546.03
63,1444.72
64,1595.57
65,1442.22
66,1516.51
67,1562.35
68,1529.51
69,1503.2
70,1500.86
71,1544.37
72,1578.36
73,1487.36
74,1473.81
75,1510.67
76,1472.82
77,1491.29
78,1491.5
79,1513.73
80,1630.21
81,1463.44
82,1541.24
83,1518.49
84,1487.56
85,1449.67
86,1456.92
87,1464.22
88,1586.66
89,1489.28
91,1488.36
92,1481.35
93,1613.86
94,1447.1
95,1527.47
96,1624.75
97,1562.32
98,1556.19
99,1485.27
100,1536.02
101,1550.52
102,1462.78
103,1526.71
104,1490.18
105,1450.85
106,1514.5
107,1492.86
108,1441.27
109,1490.58
110,1460.87
111,1522.75
112,1513.65
113,1498.63
114,1501.78
115,1513.39
116,1510.02
117,1531.81
118,1507.37
119,1497.3
120,1549.13
121,1529.76
122,1508.62
123,1528.01
124,1464.69
125,1488.7
126,1476.02
127,1468.54
128,1520.71
129,1482.02
130,1480.08
131,1488.16
132,1470.42
133,1527.24
134,1470.72
135,1480.03
136,1521.99
137,1464.29
138,1513.36
139,1503.12
140,1458.36
141,1497.36
142,1452.93
143,1489.28
144,1521.05
145,1479.3
146,1471.46
147,1497.67
148,1467.98
149,1506.27
150,1491.68
151,1449.39
152,1494.96
153,1470.05
154,1490.84
155,1524.5
156,1504.79
157,1500.2
158,1482.5
159,1478.21
160,1523.65
161,1484.26
162,1514.19
163,1529.22
164,1495.07
165,1503.52
166,1478.65
167,1492.23
168,1492.17
169,1464.45
170,1475.09
171,1505.57
172,1485.78
173,1489.99
174,1458.31
175,1495.98
176,1485.25
177,1527.34
178,1514.9
179,1521.68
180,1513.29
181,1524.35
182,1500.38
183,1518.4
184,1527.73
185,1509.04
186,1494.89
187,1492.43
188,1527.55
189,1500.54
190,1462.12
191,1465.33
192,1546.37
193,1452.77
194,69.8432
195,1480.27
196,1546.49
197,1535.53
198,1439.1
199,1546.19
200,1479.52
201,1517.77
202,1521.08
203,1574.97
204,1516.25
205,1575.38
206,1455.25
207,1493.67
208,1470.58
209,1446.04
210,1491.42
211,1498.69
212,1469.99
213,1440.98
214,1442.27
215,1490.4
216,1479.25
217,1429.69
218,1471.22
219,1555.24
220,1476.6
221,1473.91
222,1449.69
223,1459.06
224,1463.29
225,1507.29
226,1443.01
227,1660.3
228,1541.52
229,1515.36
230,1444.04
231,1491.41
232,1455.17
233,1466.72
234,1520.83
235,1534.85
236,1541.04
237,1398.82
238,1494.41
239,1419.98
240,1528.93
241,1565.57
242,1535.06
243,1536.53
244,1438.37
245,1618.45
246,1418.5
247,1508.29
248,1556.73
249,1445.29
250,1437.68
251,1457.19
252,1445.98
253,1531.48
254,1652.4
255,1498.75
256,1525.76
257,1604.02
258,1633.57
259,1502.67
260,1610.99
261,1621.64
262,1597.89
263,1455.96
264,1517.37
265,1607.84
266,1431.5
267,1483.73
268,1488.56
269,1499.22
270,1629.34
271,1463.23
272,1459.24
273,1483.51
274,1491.16
275,1625.39
325,1481.38
326,1731.79
327,1526.09
328,1510.94
329,1477.56
330,1591.75
331,1615.87
332,1606.74
333,1576.69
334,1498.3
335,1455.3
336,1531.33
337,1681.38
338,1410.93
339,1562.26
340,1415.18
341,1615.98
342,1671.46
343,1601.82
344,1453.31
345,1559.9
346,1520.95
347,1554.55
348,1483.01
349,1614.27
350,1430.79
351,1435.91
352,1372.83
353,1544.23
354,1509.43
355,1568.91
356,1506.75
357,1478.43
358,1495.71
359,1644.46
360,1511.08
361,1510.86
362,1495.16
363,1543.5
364,1553.95
365,1494.87
366,1533.01
367,1449.17
368,1479.99
369,1481.27
370,1530.6
371,1450.73
372,1547.32
373,1456.47
374,1466.16
375,1543.17
376,1486.1
377,1565.4
378,1514.66
379,1509.24
380,1543.32
381,1498.41
382,1530.19
383,1501.89
384,1522.25
385,1510.26
386,1528.64
387,1567.27
388,1527.37
389,1527.92
390,1545.52
391,1506.1
392,1512.93
393,1578.7
394,1490.49
395,1529.47
396,1543.82
397,1526.41
398,1525.21
399,1495.8
400,1516.88
401,1535.27
402,1504.05
403,1534.89
404,1523.76
405,1458.01
406,1457.1
407,1472.61
408,1519.32
409,1643.5
410,1481.18
411,1510.85
412,1501.75
413,1458.6
414,1486.96
415,1455.43
416,1495.52
417,1515
418,1512.49
419,1508.72
420,1519.46
421,1483.62
422,1482.38
423,1482.39
424,1489.78
425,1540.5
426,1481.97
427,1509.73
428,1515.27
429,1486.38
430,1521.24
431,1521.42
432,1483.47
433,1517.82
434,1465.17
435,1490.78
436,1528.66
437,1484.41
438,1500.32
439,1437.57
440,1561.42
441,1491.67
442,1468.99
443,1491.76
444,1529.61
445,1491.57
446,1515.25
447,1481.46
448,1509.35
449,1546.16
450,1491.57
451,1511.05
452,1606.48
453,1579.18
454,1502.72
455,1453.78
456,1478.58
457,1508.2
458,1473.08
459,1477.34
460,1495.09
461,1490.76
462,1510.87
463,1511.31
464,1489.23
465,1525.44
466,1423.85
467,1484.16
468,1530.99
469,1460.38
470,1495.62
471,1430.81
472,1468.01
473,1475.05
474,1464.28
475,1509.06
476,1474.07
477,1487.32
478,1524.46
479,1450.23
480,1448.66
481,1511.55
482,1433.43
483,1528.83
484,1477.44
485,1509.69
486,1463.77
487,1511.92
488,1469.23
489,1517.5
490,1497.89
491,1554.97
492,1547.83
493,1518.45
494,1529.84
495,1492.2
496,1527.19
497,1563.92
498,1515.38
499,1537.04
500,1579.6
501,1473.5
502,1567.97
503,1515.84
504,1515.82
505,1528.07
506,1521.51
507,1542.88
508,1516.06
509,1485.65
510,1531.1
511,1500.29
512,1464.6
513,1563.5
514,1495.86
515,1517.57
516,1530.85
517,1467.04
518,1454.46
519,1522.14
520,1422.85
521,1544.01
522,1481.8
523,1466.86
524,1504.59
525,1454.85
526,1495.54
527,1425.11
528,1465.54
529,1522.56
530,1463.24
531,1608.67
532,1483.61
533,1438.04
534,1490.83
535,1553.34
536,1455.41
537,1477.62
538,1489.22
539,1492.69
540,1493.18
541,1454.55
542,1471.26
543,1430.99
544,1636.54
545,1555.41
546,1423.26
547,1519.9
548,1463.68
549,1444.89
550,1583.83
551,1653.3
552,1642
553,1451.16
554,1453.97
555,1597.47
556,1768.59
557,1538.05
558,1519.95
559,1528.68
560,1567.26
561,1500.61
562,1599.19
563,1575.69
564,1499.81
565,1560.32
566,1689.74
567,1438.52
568,1481.32
620,1546.45
621,1573.17
622,1497.61
623,1524.47
624,1462.38
625,1421.15
626,1573.98
627,1458.77
628,1466.16
629,1475.81
630,1440.54
631,1505.91
632,1537.63
633,1535.66
634,1702.14
635,1509.59
636,1478.13
637,1538.2
638,1469.78
639,1440.94
640,1561.96
641,1458.58
642,1501.88
643,1548.08
644,1458.35
645,1506.92
646,1532.38
647,1475.12
648,1573.96
649,1533.55
650,1527.61
651,1543.07
652,1508.95
653,91.4167
654,87.0193
655,1551.65
656,1597.24
657,1542.49
658,1483.42
659,1487.96
660,1458.27
661,1548.88
662,1497.18
663,1493.63
664,1512.12
665,1526.96
666,1554.05
667,1571.47
668,1484.61
669,1539.04
670,1486.81
671,1490.93
672,1555.23
673,1480.79
674,1554.64
675,1547.68
676,1502.89
677,1535.33
678,1523.04
679,1493.6
680,1578.16
681,1520.17
682,1536.26
683,1588.6
684,1532.45
685,1545.49
686,1519.08
687,1546.14
688,1574.73
689,1521.48
690,1580.17
691,1574.15
692,1543.04
693,1573.1
694,1547.97
695,1481.65
696,1580.18
697,1458.46
698,1548.96
699,1517.43
700,1523.6
701,1556.52
702,1489.22
703,1495.55
704,1525.34
705,1517.75
706,1549.12
707,1549.02
708,1505.47
709,1518.75
710,1505.25
711,1494.03
712,1534.34
713,1484.35
714,1539.72
715,1508.85
716,1482.8
717,1535.54
718,1514.17
719,1485.38
720,1549.93
721,1501.72
722,1515.69
723,1470.44
724,1486.54
725,1531.98
726,1447.5
727,1476.4
728,1565.49
729,1504.09
730,1533.23
731,1537.7
732,1483.95
733,1531.08
734,1508.92
735,1478.76
736,1545.36
737,1504.55
738,1539.05
739,1542.34
740,1497.71
741,1546.57
742,1516.28
743,1493.21
744,1541.83
745,1520.19
746,1537.38
747,1549.59
748,1475.56
749,1524.29
750,1472.72
751,1481.07
752,3048.81
753,1495.48
754,1492.8
755,1505.9
756,1468.48
757,1505.34
758,1599.28
759,1457.48
760,1508.46
761,1487.19
762,1488.13
763,1525.64
764,1448.9
765,1488.38
766,1518.65
767,1454.87
768,1557.6
769,1497.82
770,1533.96
771,1489.39
772,1488.9
773,1537.8
774,1447.1
775,1470.71
776,1487.25
777,1429.36
778,1496.15
779,1549.84
780,1455.72
781,1567.88
782,1523.51
783,1516.32
784,1538.67
785,1468.26
786,1564.57
787,1529.61
788,1535.94
789,1523.97
790,1543.79
791,1513.53
792,1583.77
793,1540.53
794,1563.33
795,1554.2
796,1503.78
797,1542.09
798,1483.63
799,1530.2
800,1562.04
801,1483.4
802,1540.54
803,1553.5
804,1512.96
805,1551.07
806,1495.76
807,1489.71
808,1568.45
809,1547.57
810,1549.91
811,1551.75
812,1494.73
813,1540.86
814,1516.33
815,1469.21
816,1529.03
817,1493.36
818,1514.83
819,1523.88
820,1510.85
821,1527.74
822,1488.62
823,1491.97
824,1513.16
825,1528.5
826,1531.63
827,1548.61
828,1457.34
829,1488.51
830,1504.36
831,1560.34
832,1535.01
833,1482.53
834,1489.59
835,1540.33
836,1464.13
837,1545.38
838,1463.76
839,1473.13
840,1487.01
841,1490.3
842,1678.34
843,1566.79
844,1548.15
845,1487.03
846,1419.77
847,1503.95
848,1461.89
849,1414.09
850,1631.02
851,1484.07
852,1564.5
853,1630.18
854,1510.97
855,1456.89
909,1527.63
910,1547.13
911,1503.53
912,1582.19
913,1560.5
914,1508.65
915,1568.37
916,1556.56
917,1528.29
918,1543.05
919,1540.19
920,1526.21
921,1522.49
922,1498.73
923,1557.97
924,1539.53
925,1532.35
926,1508.5
927,1497.89
928,1521.04
929,1540.43
930,1525.41
931,1544.65
932,1551.39
933,1515.04
934,1561.66
935,1575.67
936,1673.32
937,1565.93
938,1506.09
939,1522.08
940,1590.95
941,1517.92
943,1560.02
944,1492.47
945,1579
946,1510.72
947,1523.95
948,1564.53
949,1491.17
950,1541.17
951,1538.41
952,1559.9
953,1577.17
954,1543.03
955,1535.99
956,1564.54
957,1550.69
958,1575.72
959,1552.92
960,1525.46
961,1595.86
962,1571.22
963,1576.12
964,1564.95
965,1543.93
966,1577.01
967,1535.84
968,1561.58
969,1572.2
970,1539.68
971,1584.67
972,1577.28
973,1543.45
974,1532.71
975,1544.4
976,1534.67
977,1578.99
978,1458.91
979,1615.44
980,1482.28
981,1800.31
982,38.0319
983,1485.49
985,1498.03
986,1492.55
987,1551
988,1509.01
989,1425.75
990,1491.71
991,1500.37
992,1423.69
993,1545.7
994,1475.86
995,1524.94
996,1487.86
997,1430.44
998,1423.72
999,1451
1000,1457.45
1001,1514.68
1002,1451.58
1003,1508.33
1004,1475.95
1005,1443.5
1006,1419.61
1007,1484.56
1008,1524.4
1009,1564.19
1010,1506.59
1011,1525.42
1012,1564.97
1013,1524.28
1014,1568.85
1015,1509.09
1016,1520.11
1017,1539.82
1018,1513.25
1019,1520.32
1020,1543.94
1021,1496.24
1022,1532.93
1023,1513.27
1024,1491.82
1025,1543.08
1026,1633.48
1027,1552.33
1028,1531.49
1029,1514.55
1030,1551.77
1031,1511.47
1032,1499.25
1033,1536.29
1034,1489.96
1035,1519.75
1036,1526.39
1037,1480.42
1038,2963.61
1039,1494.47
1040,2963.41
1041,1480.13
1042,2867.46
1043,3010.83
1044,3020.34
1045,2972.66
1046,1452.91
1047,2925.96
1048,1467.19
1049,1496.15
1050,1549.71
1051,1553.69
1052,1557.97
1053,1430.94
1054,1484.88
1055,1451.02
1056,1448.96
1057,1479.06
1058,1444.73
1059,1534.1
1060,1449.86
1061,1508.49
1062,1496.86
1063,1434.38
1064,1476.69
1065,1487.69
1066,1460.62
1067,1548.78
1068,1569.9
1069,1513.11
1070,1553.04
1071,1526.69
1072,1506.47
1073,1561.96
1074,1544.92
1075,1579.89
1076,1562.63
1077,1542.1
1078,1540.59
1079,1548.65
1080,1468.22
1081,1541.57
1082,1526.28
1083,1527.02
1084,1524.38
1085,1500.97
1086,1514.98
1087,1495.59
1088,1489.34
1089,1491.48
1090,1521.26
1091,1544.6
1092,1530.59
1093,1516.83
1094,1539.2
1095,1500.42
1096,1511.24
1097,1527.68
1098,1494.78
1099,1527.8
1100,1521.49
1101,1501.44
1102,1528.75
1103,1492.21
1104,1517.92
1105,1532.42
1106,1520.33
1107,1499.33
1108,1542.89
1109,1491.57
1110,1565.77
1111,1525.12
1112,1500.38
1113,1545.16
1114,1531.38
1115,1532.52
1116,1517.67
1117,1501.09
1118,1530.1
1119,1523.97
1120,1527.07
1121,1540.11
1122,1497.57
1123,1534.94
1124,1529.2
1125,1489.4
1126,1489.77
1127,1504.46
1128,1486.74
1129,1512.83
1130,1512.34
1131,1512.96
1132,1511.71
1133,1552.78
1134,1532.29
1135,1467.19
1136,1533.39
1191,1511.53
1192,1546.34
1193,1524.09
1194,1515
1195,1535.26
1196,1531.02
1197,1524.39
1198,1530.4
1199,1484.64
1200,1534.75
1201,1515.86
1202,1496.72
1203,1538.65
1204,1517.61
1205,1595.44
1206,1559.12
1207,1508.13
1208,1669
1209,1541.53
1210,1550.91
1211,1588.98
1212,1554.12
1213,1585.9
1214,1567.81
1215,1567.96
1216,1594.99
1217,1553.05
1218,1550.8
1219,1641.91
1220,1568.64
1221,1554.66
1222,1566.06
1223,1550.51
1224,1705.94
1225,1560.05
1226,1553.26
1227,326.37
1228,1529.37
1229,1557.36
1230,1557.4
1231,1551.49
1232,1597.12
1233,1558.54
1234,1534.94
1235,1578.15
1236,1508.74
1237,1562.37
1238,1492.56
1239,1558.19
1240,1571.89
1241,1479.72
1242,1578.42
1243,1510.23
1244,1478.15
1245,1553.99
1246,1512.01
1247,1534.23
1248,1515.11
1249,1489.66
1250,1519.36
1251,1515.63
1252,1497.38
1253,1505.8
1254,1518
1255,1475.46
1256,1484.26
1257,1485.39
1258,1504.44
1259,1494.44
1260,1484.28
1261,1576.66
1262,1468
1263,1603.88
1264,1473.14
1265,1485.42
1266,1485.15
1267,1550.48
1268,1484.78
1269,1521.8
1270,1545.99
1271,1441.67
1272,1506.14
1273,1498.52
1274,1477.32
1275,1468.09
1276,1448.36
1277,1476.42
1278,1458.47
1279,1461.94
1280,1482.96
1281,1439.28
1282,1485.32
1283,1515.59
1284,1497.52
1285,1492.78
1286,1559.64
1287,1559.82
1288,1536.84
1289,1517.23
1290,1523.64
1291,1532.47
1292,1497.27
1293,1545.21
1294,1541.37
1295,1527.26
1296,1538.05
1297,1512.03
1298,1483.74
1299,1513.99
1300,1537.36
1301,1558.03
1302,1537.89
1303,1477.4
1304,1568.22
1305,1513.32
1306,1524.23
1307,1502.96
1308,1497.83
1309,1507.25
1310,1521.14
1311,1509.46
1312,1519.7
1313,1489.45
1314,1558.2
1315,1562.48
1316,1522.28
1317,1515
1318,1495.84
1319,1458.61
1320,1488.98
1321,1468.28
1322,2937.25
1323,1468.86
1324,2941.33
1325,2977.61
1326,3021.96
1327,2946.61
1328,2952.02
1329,2944.99
1330,1478.71
1331,3027.41
1332,1455.25
1333,1509.16
1334,1475.5
1335,1453.62
1336,1466.63
1337,1452.55
1338,1550.6
1339,1459.97
1340,1445.81
1341,1483.05
1342,1477.07
1343,1494.45
1344,1497.63
1345,1467.7
1346,1458.97
1347,1497.25
1348,1470.99
1349,1492.09
1350,1472.98
1351,1486.44
1352,1497.81
1353,1488.79
1354,1549.48
1355,1518.48
1356,1508.18
1357,1545.89
1358,1536.94
1359,1523.04
1360,1517.53
1361,1484.66
1362,1509.03
1363,1469.44
1364,1492.02
1365,1547.95
1366,1522.39
1367,1489
1368,1563.18
1369,1537.45
1370,1531.55
1371,1529.04
1372,1497.56
1373,1515.75
1374,1477.07
1375,1488.89
1376,1543.7
1377,1513.76
1378,1496.2
1379,1512.28
1380,1556.31
1381,1499.93
1382,1550.64
1383,1516.61
1384,1525.18
1385,1514.62
1386,1518.89
1387,1531.94
1388,1516.15
1389,1539.12
1390,1533.24
1391,1508.2
1392,1582.24
1393,1492.32
1394,1496.84
1395,1518.04
1396,1524.03
1397,1548.7
1398,1530.3
1399,1496.85
1400,1526.76
1401,1488.88
1402,1496.6
1403,1540.17
1404,1528.87
1405,1516.86
1406,1510.82
1407,1513.22
1408,1514.32
1409,1505.09
1410,1509.59
1466,1514.51
1467,1487.63
1468,1493
1469,1510.74
1470,1490.07
1471,1504.2
1472,1530.53
1473,1511.76
1474,1524.74
1475,1522.45
1476,1525.09
1477,1539.19
1478,1506.01
1479,1543.57
1480,1547.94
1481,1542.31
1482,1544.9
1483,1576.45
1484,1550.59
1485,1563.64
1486,1555.95
1487,1555.33
1488,1570.73
1489,1523.21
1490,1581.3
1491,1608.95
1492,1542.98
1493,1572.2
1494,1632.66
1495,1590.19
1496,1549.32
1497,1571.82
1498,1602.36
1499,1501.17
1500,1555.12
1501,1456.24
1502,1479.74
1503,1460.51
1504,1611.82
1505,1524.84
1506,1505.9
1507,1567.09
1508,1484.26
1509,1575.17
1510,1547.49
1511,1456.38
1512,1492.34
1513,1476.13
1514,1558.98
1515,1526.9
1516,1419.9
1517,1452.38
1518,1402.34
1519,1398.71
1520,1508.67
1521,1396.62
1522,1549.25
1523,1481.45
1524,1508.36
1525,1488.01
1526,1485.06
1527,1514.26
1528,1449.27
1529,1404.15
1530,1486.17
1531,1502.72
1532,1471
1533,1503.17
1534,1491.13
1535,1487.15
1536,1524.95
1537,1521.01
1538,1469.15
1539,1522.71
1540,1469.43
1541,1474.38
1542,1458.81
1543,1488.18
1544,1453.29
1545,1508.53
1546,1472.77
1547,1492.77
1548,1530.92
1549,1509.15
1550,1471.58
1551,1520.14
1552,1558.56
1553,1473.28
1554,1509.4
1555,1621.8
1556,1524.5
1557,1531.01
1558,1566.2
1559,1511.63
1560,1518.65
1561,1538.81
1562,1551.07
1563,1570.31
1564,1552.61
1565,1508.56
1566,1497.04
1567,1534.62
1568,1514.23
1569,1546.56
1570,1485.42
1571,1557.5
1572,1544.1
1573,1482.74
1574,1565.07
1575,1537.06
1576,1552.82
1577,1520.4
1578,1527.53
1579,1532.34
1580,1530.15
1581,1547.66
1582,1548.62
1583,1459.41
1584,1489.86
1585,1548.49
1586,1522.02
1587,1597.14
1588,1527.29
1589,1478.2
1590,1450.99
1591,1468.57
1592,1492.29
1593,1439.73
1594,1460.55
1595,1468.82
1596,1450.42
1597,3016.2
1598,1458.88
1599,2959.29
1600,2932.85
1601,2963.17
1602,2895.99
1603,1532.71
1604,2905.62
1605,1442.6
1606,1482.41
1607,1483.21
1608,1495.29
1609,1435.14
1610,1473.33
1611,1460.2
1612,1450.85
1613,1458.14
1614,1628.51
1615,1537.16
1616,1439.38
1617,1486.23
1618,1473.58
1619,1479.74
1620,1550.88
1621,1513.87
1622,1601.73
1623,1703.44
1624,1508.27
1625,2206.05
1626,1573.15
1627,1509.09
1628,1946.68
1629,1475.01
1630,1908.36
1631,1443.83
1632,1466.53
1633,1605.14
1634,1554.43
1635,1561.69
1636,1519.09
1637,1480.7
1638,1459.27
1639,1541.42
1640,1589.45
1641,1467.65
1642,1537.66
1643,1499.76
1644,1478.82
1645,1585.08
1646,1566.76
1647,1475.07
1648,1508.09
1649,1552.61
1650,1654.59
1651,1611.57
1652,1475.86
1653,1486.21
1654,1440.03
1655,1558.33
1656,1498.9
1657,1530.21
1658,1525.65
1659,1532.53
1660,1516.99
1661,1526.34
1662,1494.61
1663,1512.87
1664,1537.47
1665,1488.63
1666,1523.88
1667,1506.63
1668,1519.91
1669,1492.66
1670,1499.03
1671,1521.66
1672,1471.62
1673,1513.87
1674,1513.97
1675,1488.93
1676,1486.77
1677,1587.2
1735,1465.92
1736,1499.15
1737,1579.21
1738,1486.32
1739,1560.23
1740,1625.52
1741,1540.42
1742,1601.89
1743,1661.58
1744,1548.17
1745,1615.21
1746,1497.46
1747,1521.71
1748,1494.66
1749,1532.8
1750,1513.07
1751,1521.32
1752,1508.84
1753,1693.08
1754,1559.41
1755,1641.17
1756,1612.96
1757,1515.02
1758,1616.18
1759,1618.57
1760,1612.56
1761,1524.7
1762,1442.16
1763,1437.77
1764,1562.04
1765,1558.85
1766,1417.29
1767,1456.26
1768,1564.64
1769,1616.96
1770,1546.21
1771,1453.15
1772,1488.39
1773,1487.99
1774,1465.14
1775,1560.3
1776,1561.27
1777,1514.92
1778,1565.37
1779,1522.79
1780,1486.79
1781,1519.97
1782,1441.23
1783,1433.76
1784,1410.07
1785,1597.91
1786,1446.58
1787,1405.18
1788,1432.2
1789,1417.1
1790,1503.53
1791,1475.02
1792,1461.62
1793,1392.49
1794,1408.08
1795,1490.78
1796,1467.76
1797,1494.3
1798,1497.94
1799,1434.7
1800,1502.41
1801,1478.23
1802,1491.09
1803,1474.37
1804,1463.46
1805,1454.06
1806,1499.48
1807,1446.54
1808,1484.62
1809,1525.18
1810,1482.26
1811,1450.73
1812,1500.18
1813,1459.59
1814,1465.36
1815,1459.81
1816,1471.99
1817,1492.78
1818,1444.45
1819,1457.79
1820,1442.18
1821,1456.35
1822,1498.96
1823,1454.97
1824,1536.44
1825,1526.3
1826,1521.58
1827,1495.97
1828,1547.29
1829,1523.45
1830,1530.43
1831,1477.25
1832,1498.29
1833,1502.82
1834,1509.37
1835,1499.29
1836,1513.69
1837,1533.28
1838,1501.37
1839,1505.03
1840,1518.99
1841,1536.84
1842,1612.62
1843,1533.56
1844,1541.14
1845,1512.11
1846,1473.12
1847,1491
1848,1499.28
1849,1472.49
1850,1475.78
1851,1512.98
1852,1499.04
1853,1531.35
1854,1436.11
1855,1457.42
1856,1482.89
1857,1437.78
1858,1457.29
1859,1433.21
1860,1429.38
1861,1420.6
1862,1441.01
1863,1432
1864,1453.82
1865,1463.24
1866,3022.48
1867,1448.74
1868,2984.72
1869,1421.86
1870,3028.34
1871,2919.97
1872,1510.14
1873,1494.94
1874,1471.08
1875,1486.36
1876,2941.53
1877,1453.3
1878,1468.19
1879,1474.91
1880,2077.93
1881,1444.17
1882,1503.92
1883,1565.98
1884,1551.06
1885,2251.74
1886,1937.69
1887,1476.54
1888,1985.67
1889,1564.25
1890,1840.36
1891,1478.13
1892,1493.21
1893,2274.25
1894,1500.97
1895,1538.73
1896,1534.89
1897,1553.43
1898,1536.43
1899,1424.97
1900,1503.8
1901,1498.52
1902,1502.83
1903,1554.41
1904,1492.04
1905,1609.55
1906,1545.02
1907,1409.15
1908,1563.26
1909,1585.21
1910,1433.09
1911,1440.55
1912,1555.84
1913,1546.4
1914,1520.44
1915,1539.72
1916,1508.16
1917,1512.83
1918,1531.98
1919,1465.54
1920,1418.52
1921,1629.33
1922,1438.95
1923,1416.58
1924,1393.42
1925,1437.78
1926,1433.78
1927,1489.31
1928,1458.87
1929,1533.79
1930,1561.13
1931,1547.89
1932,1549.73
1933,1503.55
1934,1510.83
1935,1542.76
1936,1497.67
1937,1478.49
1938,1514.4
1998,1566.46
1999,1638.07
2000,1611.33
2001,1491.21
2002,1502.39
2003,1528.13
2004,1539.65
2005,1573.49
2006,1497.07
2007,1482.78
2008,1505.58
2009,1669.53
2010,1590.93
2011,1642
2012,1535.54
2013,1593.15
2014,1522.48
2015,1528.55
2016,1518.53
2017,1633.02
2018,1530.19
2019,1518.74
2020,1468.45
2021,1474.52
2022,1622.2
2023,1535.12
2024,1486.27
2025,1583.49
2026,1563.77
2027,1482.41
2028,1546.59
2029,1634.53
2030,1446.67
2031,1450
2032,1492.39
2033,1612.83
2034,1428.27
2035,1484.45
2036,1458.81
2037,1444.97
2038,1640.14
2039,1467.04
2040,1490.13
2041,1557.31
2042,1516.42
2043,1513.89
2044,1421.69
2045,1401.5
2046,1437.52
2047,1380.68
2048,1500.45
2049,1406.19
2050,1459.33
2051,1460.82
2052,1495.33
2053,1423.87
2054,1497.78
2055,1509.6
2056,1457.63
2057,1454.25
2058,1516.33
2059,1523.18
2060,1461.37
2061,1518.41
2062,1483.56
2063,1484.77
2064,1519.04
2065,1542.19
2066,1448.81
2067,1486.77
2068,1452.77
2069,1479.88
2070,1442.06
2071,1439.1
2072,1490.24
2073,1431.77
2074,1445.69
2075,1492.85
2076,1469.1
2077,1461
2078,1593.09
2079,1444.64
2080,1440.28
2081,1514.51
2082,1487.81
2083,1537.27
2084,1499.29
2085,1522.52
2086,1507.24
2087,1520.1
2088,1578.55
2089,1531.37
2090,1525.72
2091,1492.98
2092,1515.13
2093,1476.43
2094,1527.48
2095,1530.6
2096,1530.66
2097,1530.23
2098,1497.39
2099,1562.77
2100,1532.78
2101,1497.32
2102,1519.17
2103,1500.27
2104,1541.86
2105,1503.66
2106,1482.65
2107,1494.21
2108,1453.42
2109,1506.04
2110,1515.78
2111,1464.31
2112,1484.38
2113,1450.95
2114,1423.33
2115,1413.03
2116,1454.57
2117,1441.18
2118,1441.09
2119,1438.1
2120,1467.9
2121,1461.92
2122,1439.37
2123,1476.39
2124,1452.19
2125,1466
2126,1478.99
2127,1460.19
2128,1493.49
2129,1454.25
2130,1461.96
2131,1485.9
2132,3023.9
2133,2876.65
2134,1460.71
2135,1449.89
2136,2946.53
2137,1493.33
2138,1459.2
2139,1507.64
2140,1498.72
2141,2945.82
2142,1509.86
2143,1471.25
2144,1509.37
2145,1472.24
2146,1528.56
2147,1491.32
2148,1944.88
2149,2249.82
2150,1478.92
2151,1518.82
2152,1484.43
2153,1554.83
2154,1540.75
2155,2279.02
2156,1432.42
2157,1443
2158,1545.83
2159,1419.1
2160,1430.6
2161,1420.32
2162,1600.09
2163,1507.35
2164,1502.29
2165,1521.64
2166,1681.26
2167,1560.56
2168,1459.46
2169,1456.6
2170,1441.86
2171,1550.61
2172,1450.31
2173,1482.74
2174,1597.65
2175,1433.66
2176,1492.72
2177,1492.35
2178,1492.64
2179,1605.67
2180,1504.45
2181,1607.66
2182,1639.74
2183,1480.6
2184,1482.26
2185,1483.91
2186,1571.98
2187,1526.25
2188,1530.67
2189,1482.12
2190,1491.02
2191,1493.33
2192,1559.55
2193,1504.97
2254,1566.76
2255,1536.47
2256,1536.68
2257,1561.32
2258,1495.42
2259,1496.55
2260,1623.12
2261,1619.5
2262,1580.51
2263,1607.15
2264,1578.49
2265,1547.92
2266,1595.5
2267,1553.96
2268,1497.09
2269,1532.36
2270,1541.25
2271,1505.24
2272,1711.29
2273,1609.46
2274,1471.36
2275,1535.82
2276,1715.8
2277,1492.25
2278,1505.79
2279,1487.2
2280,1605.76
2281,1594.81
2282,1647.19
2283,1458.85
2284,1542.4
2285,1576.89
2286,1457.87
2287,1488.69
2288,1512.6
2289,1504.29
2290,1439.45
2291,1536.13
2292,1557.65
2293,1533.75
2294,1514.21
2295,1523.21
2296,1537.19
2297,1546.7
2298,1490.72
2299,1484.63
2300,1525.05
2301,1494.09
2302,1511.82
2303,1466.79
2304,1459.46
2305,1476.11
2306,1502.3
2307,1584.2
2308,1452.22
2309,1491.94
2310,1497.99
2311,1508.95
2312,1528.7
2313,1510.31
2314,1600.87
2315,1640.79
2316,1487.26
2317,1538.54
2318,1493.55
2319,1503.35
2320,1626.74
2321,1475.42
2322,1457.74
2323,1471.38
2324,1430.09
2325,1433.34
2326,1500.91
2327,1465.2
2328,1464.99
2329,1464.51
2330,1452.92
2331,1511.15
2332,1503.16
2333,1497.04
2334,1546.87
2335,1507.23
2336,1604.75
2337,1504.52
2338,1564.71
2339,1602.78
2340,1507.65
2341,1570.33
2342,1572.09
2343,1543.33
2344,1555.92
2345,1536.68
2346,1514.57
2347,1558.71
2348,1521.61
2349,1522.92
2350,1550.88
2351,1543.82
2352,1580.17
2353,1531.65
2354,1544.79
2355,1575.18
2356,1495.93
2357,1528.07
2358,1537.07
2359,1493.72
2360,1570.4
2361,1550.51
2362,1493.12
2363,1521.45
2364,1500.39
2365,1398.21
2366,1451.31
2367,1429.39
2368,1483.85
2369,1454.15
2370,1433.3
2371,1464.47
2372,1458.1
2373,1481.4
2374,1480.09
2375,1456.59
2376,1546.09
2377,1467.89
2378,1549.22
2379,1590.81
2380,1480.04
2381,1545.9
2382,1461.26
2383,1456.99
2384,1498.33
2385,1494.93
2386,1474.81
2387,1500.99
2388,2972.38
2389,1451.94
2390,3065.72
2391,1486.1
2392,1467.24
2393,1534.45
2394,1495.67
2395,3066.49
2396,1520.09
2397,3054.81
2398,1513.23
2399,1509.97
2400,3135.61
2401,1507.89
2402,3064.74
2403,3097.12
2404,1598.08
2405,1499.27
2406,1502.49
2407,1615.56
2408,1488.09
2409,2320.2
2410,1587.84
2411,1934
2412,1493.06
2413,1546.19
2414,1579.88
2415,1427.82
2416,1529.61
2417,1574.54
2418,1407.56
2419,1492.5
2420,1636.08
2421,1436.92
2422,1566.57
2423,1455.46
2424,1643.05
2425,1491.92
2426,1473.67
2427,1513.38
2428,1481.37
2429,1558.32
2430,1493.44
2431,1523.21
2432,1508.15
2433,1523.34
2434,1566.41
2435,1545.19
2436,1574.71
2437,1451
2438,1495.37
2439,1453.96
2440,1482.02
2441,1505.55
2503,1564.04
2504,1609
2505,1574.59
2506,1527.39
2507,1502.2
2508,1662.74
2509,1526.82
2510,1523.4
2511,1609.03
2512,1488.67
2513,1472.35
2514,1576.4
2515,1556.23
2516,1585.44
2517,1656.4
2518,1490.97
2519,1608.79
2520,1562.02
2521,1661.82
2522,1463.23
2523,1624.54
2524,1505.42
2525,1422.82
2526,1581.78
2527,1504.95
2528,1505.66
2529,1602.2
2530,1509.76
2531,1517.66
2532,1572.11
2533,1525.57
2534,1472.99
2535,1553.15
2536,1465.82
2537,1531.76
2538,1528.69
2539,1492.24
2540,1549.56
2541,1459.32
2542,1534.02
2543,1512.38
2544,1459.21
2545,1549.54
2546,1545.39
2547,1529.59
2548,1563.15
2549,1527.86
2550,1498.56
2551,1569.95
2552,1486.18
2553,1564.99
2554,1646.98
2555,1537.33
2556,1517.3
2557,1484.21
2558,1597.35
2559,1554.06
2560,1498.77
2561,1495.29
2562,1516.29
2563,1512.91
2564,1536
2565,1475.64
2566,1435.3
2567,1545
2568,1468.47
2569,1562.18
2570,1545.02
2571,1519.9
2572,1601.57
2573,1607.29
2574,1511.86
2575,1567.4
2576,1515.79
2577,1540.97
2578,1530.76
2579,1478.41
2580,1532.51
2581,1517.27
2582,1560.43
2583,1600.05
2584,1511.4
2585,1610.76
2586,1544.21
2587,1554.77
2588,1571.68
2589,1561.97
2590,1518.43
2591,1591.55
2592,1568.74
2593,1571.9
2594,1567.26
2595,1526.99
2596,1570
2597,1554.64
2598,1539.69
2599,1517.93
2600,1490.71
2601,1594.17
2602,1591.65
2603,1511.99
2604,1527.31
2605,1507.27
2606,1481.83
2607,1522.35
2608,1512.19
2609,1531.2
2610,1631.62
2611,1573.87
2612,1591.88
2613,1500.09
2614,1491.75
2615,1536.68
2616,1512.26
2617,1595.81
2618,1588.06
2619,1445.53
2620,1509.28
2621,1490.85
2622,1464.43
2623,1543.1
2624,1466.86
2625,1512.73
2626,1522.52
2627,1504.26
2628,1587.24
2629,1432.45
2630,1525.4
2631,1570.1
2632,1482.99
2633,1523.57
2634,1532.35
2635,1448.09
2636,1548.76
2637,1488.62
2638,1480.56
2639,1493.68
2640,2981.46
2641,1537.65
2642,3088.48
2643,2998.3
2644,3089.25
2645,3070.63
2646,3032.31
2647,3145.7
2648,3025.02
2649,3276.97
2650,3084.49
2651,2941.29
2652,3061.48
2653,3057.99
2654,2955.59
2655,1537.47
2656,1464.17
2657,1643.95
2658,1725.3
2659,1556.14
2660,1926.43
2661,1377.43
2662,2131.37
2663,1409.69
2664,1550.74
2665,1652.25
2666,1534.98
2667,1436
2668,1456.04
2669,1539.87
2670,1530.92
2671,1522.99
2672,1488.34
2673,1480.41
2674,1614.93
2675,1481.25
2676,1671.37
2677,1453.27
2678,1489.87
2679,1527.22
2680,1598.46
2681,1575.23
2682,1530.81
2745,1703.12
2746,1641.65
2747,1708.03
2748,1521.86
2749,1696.96
2750,1703.63
2751,1538.45
2752,1510.91
2753,1501.36
2754,1570.03
2755,1617.27
2756,1572.42
2757,1484.31
2758,1476.75
2759,1492.25
2760,1505.33
2761,1563.26
2762,1556.8
2763,1587.16
2764,1593.23
2765,1535.3
2766,1518.17
2767,1500.08
2768,1463.45
2769,1510.69
2770,1501.32
2771,1483.05
2772,1512.13
2773,1476.05
2774,1537.87
2775,1459.09
2776,1516.19
2777,1555.99
2778,1490.05
2779,1557.8
2780,1555.42
2781,1530.69
2782,1552.63
2783,1548.5
2784,1473.83
2785,1543.75
2786,1481.85
2787,1564.79
2788,1542.64
2789,1518.68
2790,1519.48
2791,1499.86
2792,1525.14
2793,1567.7
2794,1473.95
2795,1513.98
2796,1536.03
2797,1451.83
2798,1468.91
2799,1575.54
2800,1401.56
2801,1504.12
2802,1409
2803,1494.58
2804,1669.69
2805,1540.28
2806,1469.77
2807,1544.55
2808,1437.24
2809,1504.01
2810,1549.86
2811,1655.22
2812,1546.41
2813,1481.56
2814,1543.17
2815,1521.15
2816,1505.01
2817,1528.16
2818,1472.14
2819,1598.83
2820,1603.87
2821,1548.83
2822,1542.99
2823,1533.94
2824,1551.7
2825,1572.95
2826,1511.35
2827,1549.48
2828,1578.28
2829,1499.66
2830,1523.64
2831,1542.93
2832,1505.09
2833,1588.19
2834,1531.86
2835,1581.5
2836,1541.01
2837,1564.96
2838,1520.73
2839,1535.64
2840,1522.2
2841,1547.35
2842,1510.4
2843,1586.79
2844,1498.29
2845,1530.63
2846,1528.85
2847,1501.28
2848,1500.45
2849,1544.89
2850,1570.2
2851,1703.48
2852,1468.09
2853,1383.38
2854,1435.99
2855,1431.74
2856,1544.93
2857,1642.75
2858,1466.66
2859,1531.46
2860,1495.6
2861,1401.3
2862,1583.7
2863,1555.33
2864,1479.49
2865,1626.28
2866,1540.09
2867,1540.6
2868,1550.03
2869,1505.72
2870,1532.47
2871,1500.53
2872,1466.17
2873,1541.7
2874,1486.94
2875,1523.73
2876,1498.67
2877,1476
2878,1498.64
2879,1488.74
2880,1490.3
2881,1533.21
2882,1516.45
2883,1515.34
2884,3073.98
2885,1488.89
2886,3070.67
2887,3222.98
2888,3046.86
2889,3087.98
2890,3047.22
2891,3083.8
2892,3050.7
2893,3026.39
2894,2969.13
2895,2978.15
2896,1522.16
2897,1553.52
2898,1678.35
2899,1530.53
2900,1553.24
2901,2167.82
2902,1400.33
2903,1466.07
2904,2463.45
2905,1588.07
2906,1543.21
2907,1499.84
2908,1552.57
2909,1522.41
2910,1697.24
2911,1497.98
2912,1728.01
2913,1523.97
2914,1635.88
2915,1739.26
2916,1713.53
2979,1700.15
2980,1690.96
2981,1710.98
2982,1669.46
2983,1415.87
2984,1609.37
2985,1465.37
2986,1528.7
2987,1631.74
2988,1416.03
2989,1540.9
2990,1586.72
2991,1603.38
2992,1505.04
2993,1562
2994,1517.44
2995,1530.07
2996,1524.08
2997,1517.5
2998,1518.87
2999,1555.82
3000,1499.36
3001,1536.11
3002,1559.41
3003,1441.63
3004,1500.53
3005,1474.43
3006,1551.48
3007,1580.79
3008,1518.01
3009,1528.36
3010,1495.55
3011,1553.56
3012,1504
3013,1516.29
3014,1539.01
3015,1486.79
3016,1482.27
3017,1451.89
3018,1598.05
3019,1541.78
3020,1577.2
3021,1463.75
3022,1485.8
3023,1581.63
3024,1579.23
3025,1466.25
3026,1405.29
3027,1466.91
3028,1405.99
3029,1711.12
3030,1419.96
3031,1514.43
3032,1537.54
3033,1591.75
3034,1491.63
3035,1640.6
3036,1534.06
3037,1457.6
3038,1667.04
3039,1643.1
3040,1614.8
3041,1539.56
3042,1484.41
3043,1491.48
3044,1506.91
3045,1539.35
3046,1614.45
3047,1471.77
3048,1525.46
3049,1498.32
3050,1503.76
3051,1557.13
3052,1492.08
3053,1509.11
3054,1534.79
3055,1554.14
3056,1523.55
3057,1526.81
3058,1508.34
3059,1520.36
3060,1524.02
3061,1516.03
3062,1530.02
3063,1613.91
3064,135.247
3065,1536
3066,1582.32
3067,1559.93
3068,1488.9
3069,1536.82
3070,1516.18
3071,1541.56
3072,1534.67
3073,1524.02
3074,1506.11
3075,1631.56
3076,1507.77
3077,1515.57
3078,1515.92
3079,1523.95
3080,1627.8
3081,1556.1
3082,1664.07
3083,1569.67
3084,1447.89
3085,1421.64
3086,1540
3087,1501.59
3088,1536.64
3089,1657.47
3090,1560.59
3091,1413.44
3092,1444.77
3093,1579.71
3094,1536.64
3095,1481.1
3096,1539.3
3097,1492.68
3098,1598.97
3099,1522.46
3100,1579.07
3101,1512.9
3102,1538.33
3103,1569.53
3104,1445.15
3105,1483.73
3106,1502.26
3107,1510.99
3108,1500.36
3109,1476.23
3110,1495.12
3111,1535.38
3112,1470.31
3113,1485.41
3114,1523.07
3115,1490.51
3116,1516.31
3117,1479.44
3118,3049.09
3119,1537.3
3120,1522.98
3121,1558.82
3122,1524.82
3123,1539.71
3124,1528.94
3125,1520.22
3126,1497.68
3127,1551.53
3128,1493.95
3129,1510.94
3130,1543.76
3131,1496.31
3132,2098.33
3133,1523.17
3134,1577.39
3135,1552.29
3136,1611.54
3137,2021.66
3138,1655
3139,1635.38
3140,1689.84
3141,1665.63
3142,1683.31
3143,2239.95
3144,2164.89
3145,2369.85
3146,2434.9
3147,2153.26
3206,1455.54
3207,1674.51
3208,1527.43
3209,1527.22
3210,1540.72
3211,1520.36
3212,1528.03
3213,1533.81
3214,1548.74
3215,1537.1
3216,1510.32
3217,1513.31
3218,1580.18
3219,1502.13
3220,1564.77
3221,1569.63
3222,1486.39
3223,1550.98
3224,1561.44
3225,1541.73
3226,1521.87
3227,1501.95
3228,1548.15
3229,1571.61
3230,1652.54
3231,1556.14
3232,1478.54
3233,1529.26
3235,1529.3
3236,1499.9
3237,1473.63
3238,1508.32
3239,1524.88
3240,1378.64
3241,1441.8
3242,1454.12
3243,1509.69
3244,1445.74
3245,1542.92
3246,1448.72
3247,1467.9
3248,1533.18
3249,1610.55
3250,1534.92
3251,1458.85
3252,1507.05
3253,1610.34
3254,1453.27
3255,1504.01
3256,1609.28
3257,1620.86
3258,1519.59
3259,1560.67
3260,1575.14
3261,1681.14
3262,1524.99
3263,1597.22
3264,1614.68
3265,1469.94
3266,1534.21
3267,1522.88
3268,1547.52
3269,1607.97
3270,1561.65
3271,1580.82
3272,1544.3
3273,1484.25
3274,1561.16
3275,1494.92
3276,1560.73
3277,1551.23
3278,1542.09
3280,1536.61
3281,1502.41
3282,1609.35
3283,1555.66
3284,1636.12
3285,1601.46
3286,1589.15
3287,1592.93
3288,1515.25
3290,1564.81
3291,1531.66
3292,1576.62
3293,1562.3
3294,1519.13
3295,1659.79
3296,1598.57
3298,1625.57
3299,1520.32
3300,1547.25
3301,1575.47
3302,1492.31
3303,1633.19
3304,1613.88
3305,1652.9
3306,1786.79
3307,1485.58
3308,1533.48
3309,1511.67
3310,1525.91
3311,1480.15
3312,1689.51
3313,1457.62
3314,1587.88
3315,1619.66
3316,1539.74
3317,1592.23
3318,1505.74
3319,1457.99
3320,1448.46
3321,1437.18
3322,1542.26
3323,1568.17
3324,1468.51
3325,1477.81
3326,1526.55
3327,1515.97
3328,1403.72
3329,1449.37
3330,1537.59
3331,1482.84
3332,1529.35
3333,1537.62
3334,1488.35
3335,1543.26
3336,1492.61
3337,1488.25
3338,1522.14
3339,1514.48
3340,1526.59
3341,1504.89
3342,1488.03
3343,1489.91
3344,1473.1
3345,1520.24
3346,1519.03
3347,1463.17
3348,1546.65
3349,1556.06
3350,1511.61
3351,1560.57
3352,1491.86
3353,1503.24
3354,1543.15
3355,1501.53
3356,1525.32
3357,1649.84
3358,1487.11
3359,1598.36
3360,1492.27
3361,1538.63
3362,2264.9
3363,2208.32
3364,2430.1
3365,2408.99
3366,2154.03
3426,1610.33
3427,1545.5
3428,1568.5
3429,1506.67
3430,1520.01
3431,1518.04
3432,1523.05
3433,1566.09
3434,1531.21
3435,1569.42
3436,1523.76
3437,1537.05
3438,1563.26
3439,1525.34
3440,1538.2
3441,1564.23
3442,1520.97
3443,1570.32
3444,1483.87
3445,1473.09
3446,1530.48
3447,1539.35
3448,1489.26
3449,1514.83
3450,1475.38
3451,1435.32
3452,1529.87
3453,1401.37
3454,1541.16
3455,1468.08
3456,1449.76
3457,1755.9
3458,1381.67
3459,1649.5
3460,1582
3461,1488.85
3462,1568.42
3463,1623.19
3464,1615.69
3465,1577.16
3466,1547.54
3467,1581.48
3468,1603.45
3469,1533.25
3470,1651.51
3471,1657.81
3472,1743.59
3473,1752.64
3474,1464.27
3475,1612.83
3476,1448.98
3477,1553.76
3478,1746.29
3479,1659.86
3480,1817.8
3481,1567.8
3482,1524.74
3483,1526.52
3484,1488.98
3485,1523.39
3486,1530.42
3487,1578.67
3488,1545.76
3489,1563.49
3490,1528.2
3491,1540.54
3492,1491.57
3493,1543.93
3494,1560.97
3495,1534.52
3496,1543.55
3497,1517.79
3498,1485.96
3499,1574.58
3500,1556.06
3501,1537.62
3502,1574.34
3503,1559.55
3504,1577.21
3505,1567.72
3506,1561.23
3507,1573.37
3508,1583.36
3509,1522.86
3510,1567.57
3511,1642.84
3512,1540.59
3513,1535.54
3514,1513.9
3515,1564.26
3516,1623.05
3517,1556.47
3518,1591.4
3519,1658.2
3520,1782.11
3521,1727.87
3522,1514.62
3523,1623.47
3524,1502.01
3525,1504.94
3526,1626.48
3527,1737.23
3528,1755.23
3529,1715.07
3530,1626.94
3531,1682.08
3532,1622.6
3533,1632.57
3534,1483.57
3535,1458.78
3536,1597.4
3537,1618.67
3538,1234.7
3539,1674.86
3540,1564.88
3541,1426.36
3542,1757.96
3543,1585.36
3544,1520.16
3545,1537.34
3546,1426.55
3547,1567.75
3548,1525.04
3549,1471.87
3550,1483.14
3551,1552.25
3552,1523.95
3553,1520.21
3554,1481.52
3555,1548.69
3556,1528.34
3557,1480.66
3558,1547.38
3559,1517.81
3560,1516.34
3561,1514.29
3562,1479.3
3563,1510.31
3564,1444.31
3565,1490.78
3566,1515.58
3567,1486.42
3568,1531.93
3569,1545.62
3570,1517.47
3571,1533.02
3572,1620.99
3575,2360.4
3576,2187.47
3577,2292.79
3578,2129.98
3579,2407.51
3638,1509.14
3639,1546.1
3640,1504.18
3641,1527.89
3642,1532.38
3643,1593.75
3644,1564.43
3645,1618.06
3646,1510.64
3647,1552.01
3648,1518.02
3649,1511.15
3650,1464.47
3651,1535.47
3652,1607.11
3653,1460.24
3654,1548.29
3655,1483.4
3656,1433.93
3657,1422.34
3658,1596.79
3659,1499.51
3660,1576.5
3661,1728.01
3662,1461.82
3663,1495.8
3664,1643.34
3665,1643.78
3666,1516.88
3667,1603.42
3668,1512.36
3669,1567.27
3670,1635.45
3671,1611.62
3672,1597.36
3673,1653.43
3674,1595.6
3675,1848.7
3676,1579.74
3677,1700.13
3678,1645.05
3679,1521.02
3680,1744.6
3681,1588.95
3682,1486.39
3683,1560.66
3684,1612.46
3685,1693.77
3686,1711.77
3687,1688.61
3688,1666.99
3689,1566.42
3690,1558.34
3691,1690.95
3692,1529.24
3693,1688.26
3694,1498.01
3695,1527.31
3696,1598
3697,1518.66
3698,1552.56
3699,1587.49
3700,1555.41
3701,1568.32
3702,1538.45
3704,1532.16
3705,1507.45
3706,1552.04
3707,1576.01
3708,1577.63
3709,1594.29
3710,1552.42
3711,1627.49
3712,1552.46
3713,1541.24
3714,1553.33
3715,1668.89
3716,1655.99
3717,1564.35
3718,1538.95
3719,1531.53
3720,1716.42
3721,1532.89
3722,1750.02
3723,1728.7
3724,1672.05
3725,1574.2
3726,1488.88
3727,1694.35
3728,1656.74
3729,1667.58
3730,1732.74
3731,1647.5
3732,1724.13
3733,1513.69
3734,1595.34
3735,1515.81
3736,1686.1
3737,1676.64
3738,1724.15
3739,1717.2
3740,1652.42
3741,1601.07
3742,1686.62
3743,1629.18
3744,1643.15
3745,1659.7
3746,1518.38
3747,1631.46
3748,1459.83
3749,1463.42
3750,1695.89
3751,1454.71
3752,1472.92
3753,1467.74
3754,1405.08
3755,1540.28
3756,1618.98
3757,1770.41
3758,1476.38
3759,1478.72
3760,1477.85
3761,1567.91
3762,1577.04
3763,1583.31
3764,1594.71
3765,1521.21
3766,1510.48
3767,1504.84
3768,1526.93
3769,1512.42
3770,1511.94
3771,1566.44
3772,1537.58
3773,1471.11
3774,1477.05
3775,1523.74
3776,1463.15
3777,1574.28
3782,2211.14
3783,2523.19
3784,2295.78
3785,2218.87
3842,1536.84
3843,1449.4
3844,1534.3
3845,1471.43
3846,1461.9
3847,1542.87
3848,1499.11
3849,1511.74
3850,1465.82
3851,1472.41
3852,1640.78
3853,1542.55
3854,1756.5
3855,1716.54
3856,1641.2
3857,1825.97
3858,1619.64
3859,1482.66
3860,1486.71
3861,1503.2
3862,1687.21
3863,1534.92
3864,1515.03
3865,1546.31
3866,1533.98
3867,1634.01
3868,1568.99
3869,1528.09
3870,1662.66
3871,1721.49
3872,1738.36
3873,1630.6
3874,1572.19
3875,1623.84
3876,1653.76
3877,1622.66
3878,1759.92
3879,1522.37
3880,1557.81
3881,1630.92
3882,1573.89
3883,1700.42
3884,1521.22
3885,1747.33
3886,1644.96
3887,1453.33
3888,1706.45
3889,1599.07
3890,1620.35
3891,1778.67
3892,1619.25
3893,1747.76
3894,1879.87
3895,1761.17
3896,1777.01
3897,1529.55
3898,1545.3
3899,1707.92
3900,1737.93
3901,1543.59
3902,1553.06
3903,1509.25
3904,1519.48
3905,1545.46
3906,1534.12
3907,1549.87
3908,1540.51
3909,1580.88
3910,1573.2
3911,1553.83
3912,1582.82
3913,1549.71
3914,1541.24
3915,1609.84
3916,1656.7
3917,1520.65
3918,1568.34
3919,1714.38
3920,1729.39
3921,1802.16
3922,1736.13
3923,1719.46
3924,1748.64
3925,1682.26
3926,1658.09
3927,1527.5
3928,1728.54
3929,1712.98
3930,1730.9
3931,1733.14
3932,1548.34
3933,97.7989
3934,1799.12
3935,1489.77
3936,1604.95
3937,1691.06
3938,1597.9
3939,1758.3
3940,1712.9
3941,1692.09
3942,1647.91
3943,1631.49
3944,1752.14
3945,1634.41
3946,1409.54
3947,1676.64
3948,1701.94
3949,1617.03
3950,1555.27
3951,1552.56
3952,1508.19
3953,1655
3954,1525.81
3955,1504.5
3956,1483.61
3957,1627.57
3958,1710
3959,1743.33
3960,1842.47
3961,1755.94
3962,1547.16
3963,1706.39
3964,1632.86
3965,1491.89
3966,1487.17
3967,1478.1
3968,1478.07
3969,1537.55
3970,1467.04
3971,1483.04
3972,1658.18
3973,1584.32
3981,2366.29
3982,2180.48
4074,2176.95
4075,2474.03
4076,2246.07
4077,2181.12
4078,2312.2
4170,2203.61
4171,2310.43
4172,2665.37
4263,2233.14
4354,2529.86
4371,3498.43
4442,2354.64
4689,2202.83
4765,2380.62
5144,1629.6
5145,1587.93
5146,1744.94
5147,1618.48
5148,1571.19
5149,1571.36
5150,1622.13
5151,1598.45
5152,1478.8
5153,1671.03
5154,1517.64
5155,1518.25
5156,1546.79
5157,1649.86
5158,1540.6
5159,1689.04
5160,1511.72
5161,1660.83
5162,1677.92
5163,1506.12
5164,1625.15
5165,1682.8
5166,1520.85
5167,1641.68
5168,1472.7
5169,1585.01
5170,1627.85
5171,1560.21
5172,1583.33
5173,1622.67
5174,1528.23
5175,1492.46
5176,1500.93
5177,1578.72
5178,1618.92
5179,1515.64
5180,1554.65
5181,1508.16
5182,1527.13
5183,1565.26
5184,1557.96
5185,1600.46
5186,1447.76
5187,1568.04
5188,1632.99
5189,1445.88
5190,1494.78
5191,1484.76
5192,1460.14
5193,1467.96
5194,1472.25
5195,1539.78
5196,1499.25
5197,1504.47
5198,1619.99
5199,1515.13
5200,1519.5
5201,1513.6
5202,1480.91
5203,1464.58
5204,1684.22
5205,1517.49
5206,1639.29
5207,1485.64
5208,1549.65
5209,1547.12
5210,1496.18
5211,1482.7
5212,1514.02
5213,1474.33
5214,1483.09
5215,1547.1
5216,1489.68
5217,1451.6
5218,1504.27
5219,1474.54
5220,1509.89
5221,1501.62
5222,1483.43
5223,1534.68
5224,1454.51
5225,1525.98
5226,1493.85
5227,1471.31
5228,1503.7
5229,1496.64
5230,1479.31
5231,1578.41
5232,1491.04
5233,1562.1
5234,1517.62
5235,1502.92
5236,1569.29
5237,1500.58
5238,1553.83
5239,1543.49
5240,1475.35
5241,1491.18
5242,1513.26
5243,1514.15
5244,1526.73
5245,1459.6
5246,1547.57
5247,1543.24
5248,1487.96
5249,1554.79
5250,1488.97
5251,1445.8
5252,1501.37
5253,1505.45
5254,1517.26
5255,1495.46
5256,1463.65
5257,1529.59
5258,1593.34
5259,1403.94
5260,1572.55
5261,1386.3
5262,1439.94
5263,1441.81
5264,1530.77
5265,1485
5266,1486.03
5267,1448.16
5268,1464.09
5269,1457.38
5270,1492.32
5271,1489.79
5272,1442.73
5273,1490.8
5274,1479.48
5275,1556.62
5276,1486.91
5277,1444.13
5278,1504.38
5279,1727.66
5280,1438.27
5281,1532.64
5282,106.406
5283,1444.8
5284,1524.48
5285,1523.03
5286,1502.83
5287,1529.27
5288,1466.89
5289,1527.53
5290,1481.21
5291,1475.4
5292,1532.6
5293,1450.88
5294,1516.02
5295,1509.68
5296,1496.56
5297,1530.05
5298,1523.12
5299,1461.24
5300,1552.61
5301,1505.5
5302,1534.12
5303,1563.39
5304,1583.36
5305,1545.43
5306,1479.65
5307,1476.3
5308,1516.02
5309,1487.82
5310,1498.14
5311,1510.87
5312,1422.89
5313,1491.37
5314,1435.35
5315,1461.31
5316,1516.42
5317,1493.3
5318,1508.26
5319,1519.41
5320,1476.19
5321,1493.19
5322,1434.52
5323,1441.83
5324,1534.67
5325,1481.82
5326,1494.3
5327,1505.28
5328,1470.42
5329,1514.13
5330,1479
5331,1562.84
5332,1489.87
5333,1405.23
5334,1541.28
5335,1613.02
5336,1480.95
5337,1467.5
5338,1450.59
5339,1480.04
5340,1505.76
5341,1446.3
5342,1640.72
5343,1530.2
5344,1530.78
5345,1505.53
5346,1481.64
5347,1438.98
5348,1525.43
5349,1442.17
5350,1497.17
5351,1627.22
5352,1611.66
5353,1585.34
5354,1447.91
5355,1548.61
5356,1532.73
5357,1483.05
5358,1489.54
5359,1518.75
5360,1544.68
5361,1573.36
5362,1432.93
5363,1582.19
5364,1480.32
5365,1470.41
5366,1557.28
5367,1629.38
5368,1563.89
5369,1569.45
5370,1543.46
5371,1431.06
5372,1605.03
5373,1563.83
5374,1503.14
5375,1646.78
5376,1464.76
5377,1588.85
5378,1670.21
5379,1600.44
5380,1718.02
5381,1547.07
5382,1462.06
5383,1457.21
5384,1452.9
5385,1729.02
5386,1419.74
5387,1494.17
5388,1556.55
5389,1457.76
5390,1581.73
5391,1462.65
5392,1497.48
5393,1629.3
5394,1576.62
5395,1634.17
5445,1705.08
5446,1779.44
5447,1522.1
5448,1735.02
5449,1612.62
5450,1543.34
5451,1737.33
5452,1624.72
5453,1779.58
5454,1594.09
5455,1596.88
5456,1507.59
5457,1534.68
5458,1523.31
5459,1585.09
5460,1618.16
5461,1573.11
5462,1646.89
5463,1603.88
5464,1540.66
5465,1485.24
5466,1455.45
5467,1694.96
5468,1446.75
5469,1538.72
5470,1540.56
5471,1561.42
5472,1459.29
5473,1491.59
5474,1495.34
5475,1501
5476,1501.84
5477,1542.61
5478,1537.01
5479,1577.05
5480,1509.29
5481,1597.71
5482,1468.68
5483,1516.54
5484,1476.54
5485,1507.11
5486,1527.13
5487,1493.01
5488,1470.47
5489,1512.94
5490,1488.09
5491,1506.49
5492,1544.37
5493,1460.43
5494,1506.83
5495,1541.29
5496,1586.12
5497,1534.21
5498,1602.55
5499,1540.09
5500,1553.49
5501,1665.14
5502,1644.62
5503,1649.05
5504,1516.08
5505,1503.19
5506,1479.34
5507,1549.67
5508,1556.74
5509,1634.52
5510,1556.66
5511,1490.65
5512,1511.54
5513,1567.1
5514,1503.24
5515,1504.32
5516,1525.69
5517,1512.49
5518,1549.55
5519,1483.7
5520,1464.22
5521,1539.32
5522,1475.48
5523,1556
5524,1550.08
5525,1519.61
5526,1505.84
5527,1426.66
5528,1497.32
5529,1516.63
5530,1535.24
5531,1521.03
5532,1526.28
5533,1519.81
5534,1502.43
5535,1480.09
5536,1474.99
5537,1584.66
5538,1489.36
5539,1508.56
5540,1447.17
5541,1478.55
5542,1492.34
5543,1398.86
5544,1482.88
5545,1419.16
5546,1539.49
5547,1613.94
5548,1580.8
5549,1504.92
5550,1481.07
5551,1463.65
5552,1569.74
5553,1498.64
5554,1609.87
5555,1536.72
5556,1522.27
5557,1462.37
5558,1504.73
5559,1473.32
5560,1508.59
5561,1502.3
5562,1667.51
5563,1489.42
5564,1510.56
5565,1477.11
5566,1526.65
5567,1481.08
5568,1512.83
5569,1522.52
5570,1486.16
5571,1549.53
5572,1517.34
5573,1483.06
5574,1546.66
5575,1512.8
5576,1445.04
5577,1533.82
5578,1499.92
5579,1494.13
5580,1524.03
5581,1651.32
5582,1508.1
5583,1670.98
5584,1532.78
5585,1774.31
5586,169.788
5587,1751.65
5588,1558.75
5589,1547.79
5590,1541.31
5591,1423.04
5592,1676.93
5593,1483.34
5594,1504.59
5595,1505.13
5596,1591.07
5597,1640.8
5598,1524.86
5599,64.3254
5600,1527.14
5601,98.0843
5602,1516.67
5603,1491.02
5604,1502.2
5605,1483.7
5606,1494.55
5607,1442.52
5608,1455.29
5609,1477.26
5610,1463.36
5611,1508.73
5612,1502.49
5613,1465.74
5614,1497.78
5615,1479.2
5616,1503.03
5617,1522.63
5618,1500.85
5619,1514.99
5620,1527.2
5621,1510.4
5622,1504.34
5623,1520.16
5624,1633.55
5625,1546.29
5626,1506.47
5627,1632.83
5628,1486.22
5629,1541.23
5630,1636.07
5631,1587.09
5632,1465.01
5633,1607.97
5634,1605.19
5635,1471.52
5636,1558.53
5637,1546.17
5638,1465.75
5639,1537.16
5640,1520.01
5641,1561.16
5642,1481.77
5643,1531.61
5644,1524.76
5645,1509.17
5646,1688.04
5647,1528.52
5648,1557.44
5649,1566.69
5650,1542.24
5651,1581.11
5652,1681.94
5653,1485.56
5654,1551.96
5655,1585.9
5656,1563.64
5657,1538.71
5658,1584.19
5659,1511.06
5660,1517.9
5661,1532.38
5662,1521.61
5663,1665.71
5664,1470.87
5665,1494.08
5666,1517.72
5667,1645.09
5668,1522.27
5669,1465.03
5670,1573.18
5671,1629.11
5672,1579.62
5673,1650.99
5674,1501.85
5675,1591.54
5676,1692.42
5677,1445.02
5678,1479.01
5679,1450.44
5680,1567.51
5681,1609.77
5682,1500.52
5683,1640.19
5684,1506.63
5685,1611.08
5686,1662.32
5687,1441.74
5688,1550.03
5740,1656.16
5741,1590.29
5742,1592.68
5743,1658.34
5744,1626.31
5745,1489.05
5746,1630.41
5747,1574.46
5748,1573.21
5749,1492.94
5750,1455.89
5751,1496.81
5752,1552.11
5753,1560.7
5754,1488.74
5755,1419.67
5756,1475.56
5757,1494.93
5758,1453.2
5759,1532.77
5760,1468.1
5761,1449.76
5762,1484.95
5763,1496.71
5764,1545.49
5765,1611.92
5766,1471.74
5767,1595.03
5768,1546.61
5769,1549.95
5770,1564.64
5771,1532.92
5772,1543.5
5773,1591.96
5774,1532.38
5775,1514.89
5776,1469.63
5777,1526.14
5778,1546.14
5779,1528.89
5780,1498.13
5781,1530.9
5782,1496.92
5783,1503.03
5784,1561.96
5785,1509.36
5786,1562.89
5787,1548.26
5788,1625.36
5789,1527.18
5790,1563.51
5791,1548.98
5792,1540.74
5793,1484.6
5794,1543.21
5795,1512.31
5796,1525.56
5797,1549.96
5798,1493.23
5799,1531.89
5800,1529.66
5801,1499.34
5802,1553.38
5803,1508.92
5804,1551.38
5805,1536.18
5806,1512.17
5807,1503.54
5808,1479.96
5809,1488.06
5810,1485.17
5811,1499.97
5812,1465.22
5813,1467.45
5814,1470.9
5815,1573.34
5816,1510.93
5817,1560.18
5818,1509.14
5819,1455.93
5820,1507.02
5821,1671.62
5822,1514.7
5823,1527.16
5824,1543.07
5825,1498.41
5826,1521.2
5827,1519.23
5828,1545.42
5829,1489
5830,1508.76
5831,1465.12
5832,1531.69
5833,1463.43
5834,1527.96
5835,1494.36
5836,1519.48
5837,1473.77
5838,1515.53
5839,1463.82
5840,1487.83
5841,1494.27
5842,1519.98
5843,1531.63
5845,1546.44
5846,1471.49
5847,1499.82
5848,1469.46
5849,1478.49
5850,1497.06
5851,1432.01
5852,1491.76
5853,1474.69
5854,1468.73
5855,1481.7
5856,1501.86
5857,1464.19
5858,1477.87
5859,1516.31
5860,1486.94
5861,1516.26
5862,1519.71
5863,1503.33
5864,1468.69
5865,1470.97
5866,1490.01
5867,1476.08
5868,1481.44
5869,1535.39
5870,1489.78
5871,1491.96
5872,1520.35
5873,1474.17
5874,1682.69
5875,1586.49
5876,1589.88
5877,1569.1
5878,1611.05
5879,1506.51
5880,1487.93
5881,1457.37
5882,1591.01
5883,1698.45
5884,1757.91
5885,1621.58
5886,1569.15
5887,1868.54
5888,1592.58
5889,82.5382
5891,1564.02
5892,1695.4
5893,1539.56
5894,1557.71
5895,1802.23
5896,63.3087
5897,162.081
5898,100.806
5899,1871.94
5900,1765.65
5901,2051.32
5902,1670.03
5903,1707.61
5904,129.644
5905,1683.07
5906,1651.74
5907,1663.76
5908,1471.4
5909,1491.68
5910,1519.03
5911,1483.47
5912,1548.7
5913,1534.54
5914,1521.28
5915,1558.01
5916,1463.03
5917,1519.06
5918,1500.82
5919,1497.54
5920,1493.82
5921,1447.18
5922,1503.51
5923,1500.78
5924,1480.57
5925,1523.77
5926,1483.56
5927,1502.32
5928,1499.08
5929,1470.54
5930,1476.24
5931,1481.54
5932,1511.45
5933,1519.94
5934,1465.01
5935,1522.72
5937,1480.34
5938,1496.7
5939,1503.9
5940,1517.46
5941,1530.11
5942,1517.05
5943,1508.46
5944,1538.34
5945,1531.35
5946,1580.58
5947,1549.41
5948,1579.52
5949,1541.46
5950,1505.9
5951,1571.42
5952,1506.1
5953,1469.43
5954,1507.12
5955,1477.73
5956,1572.78
5957,1570.34
5958,1474.98
5959,1517.37
5960,1486.76
5961,1635.86
5962,1481.92
5963,1575.87
5964,1470.21
5965,1558.02
5966,1466.38
5967,1528.04
5968,1580.1
5969,1447.85
5970,1680.18
5971,1432.12
5972,1493.68
5973,1519.11
5974,1600.98
5975,1548
6029,1498.31
6030,1465.06
6031,1472.35
6032,1561.09
6033,1524.03
6034,1554.69
6035,1522.74
6036,1540.59
6037,1545.88
6038,1474.57
6039,1546.4
6040,1512.06
6041,1525.2
6042,1568.93
6043,1473.94
6044,1507.13
6045,1483.9
6046,1547.9
6047,1554.59
6048,1480.52
6049,1479.73
6050,1528.83
6051,1529.52
6052,1502.35
6053,1557.54
6054,1569.49
6055,1535.28
6056,1525.45
6057,1575.7
6058,1552.86
6059,1579.19
6060,1563.42
6061,1482.27
6062,1529.73
6063,1544.4
6064,1513.65
6065,1543.56
6066,1527.89
6067,1541.51
6068,1538.51
6069,1511.11
6070,1523.44
6071,1519.54
6072,1537.18
6073,1506.62
6074,1512.28
6075,1509.56
6076,1483.69
6077,1489.11
6078,1508.52
6079,1482.08
6080,1492.51
6081,1521.74
6082,1510.58
6083,1497.55
6084,1503.77
6085,1496.21
6086,1532.16
6087,1521.17
6088,1500.38
6089,1511.14
6090,1513.1
6091,1507.82
6092,1483.78
6093,1523.19
6094,1518.56
6095,1695.72
6096,1565.67
6097,1566.8
6098,1522.42
6099,1541.88
6100,1567.19
6101,1493.47
6102,1508.06
6103,1560.56
6104,1547.23
6105,1524.17
6106,1502.15
6107,1593.43
6108,1549.91
6109,1563.98
6110,1482.55
6111,1508.26
6112,1491.92
6113,1554.13
6114,1642.45
6115,1617.44
6116,1654.09
6117,1692.48
6118,1724.78
6119,1703.3
6120,1785.59
6121,1518.71
6122,1525.99
6123,1739.63
6124,1532.12
6125,1534.34
6126,1505.05
6127,1500.34
6128,1524.69
6129,1542.21
6130,1486.6
6131,1482.05
6132,1473.31
6133,1448.22
6134,1494.19
6135,1494.57
6136,1437.45
6137,1489.88
6138,1501.32
6139,1484.45
6140,1516.51
6141,1502.97
6142,1498.78
6143,1485.66
6144,1490.21
6145,1515.07
6146,1512.44
6147,1528.31
6148,1507.06
6149,1450.3
6150,1500.32
6151,1492.18
6152,1482.91
6153,1502.83
6154,1505.29
6155,1512.4
6156,1551.26
6157,1535.6
6158,1497.12
6159,1490.18
6160,1509.02
6161,1509.85
6162,1514.37
6163,1713.06
6164,1466.4
6165,1732.68
6166,1717.85
6167,1674.72
6168,1678.37
6169,1675.95
6170,1708.23
6171,1652.11
6172,1687.76
6173,1485.69
6174,1556.88
6175,1477.05
6176,1612.34
6177,1475.68
6178,1500.48
6179,1526.85
6180,1455.19
6181,1451.25
6182,1501.68
6183,1528.46
6184,72.7554
6185,1544.67
6186,1489.8
6187,1508.7
6188,1509.69
6189,1833.23
6190,1556.36
6191,1695.35
6192,1524.73
6193,1514.78
6194,1520.63
6195,1512.35
6196,1547.99
6197,1529.54
6198,1561.14
6199,1545.16
6200,1495.94
6201,1532.91
6202,1516.75
6203,1514.76
6204,1488
6205,1503.13
6206,1500.01
6207,1455.57
6208,1490.1
6209,1472.15
6210,1499.46
6211,1488.66
6212,1509.82
6213,1535.86
6214,1487.84
6215,1494.81
6216,1470.65
6217,1544.62
6218,1520.88
6219,1529.48
6220,1535.09
6221,1499.37
6222,1533.59
6223,1522.02
6224,1491.09
6225,1517.24
6226,1501.44
6227,1541.26
6228,1525.21
6229,1478.28
6230,1534.4
6231,1506.75
6232,1515.71
6233,1510.89
6234,1493.61
6235,1503.92
6236,1460.48
6237,1506.72
6238,1536.51
6239,1510.57
6240,1492.37
6241,1529.9
6242,1505.44
6243,1533.29
6244,1508.81
6245,1519.99
6246,1492.91
6247,1524.42
6248,1495.86
6249,1511.9
6250,1492.51
6251,1503.59
6252,1530.86
6253,1588.79
6254,1498.03
6255,1480.4
6256,1468.86
6311,1544.73
6312,1581.13
6313,1558.74
6314,1548.28
6315,1504.58
6316,1561.89
6317,1559.4
6318,1539.92
6319,1482.69
6320,1551.97
6321,1623.85
6322,1465.99
6323,1611.87
6324,1546.79
6325,1539.61
6326,1535.72
6327,1549.23
6328,1515.65
6329,1478.6
6330,1549.64
6331,1534.26
6332,1531.17
6333,1537.73
6334,1551.17
6335,1552.47
6336,1526.82
6337,1570.73
6338,1530.17
6339,1520.24
6340,1539.06
6341,1518.36
6342,1532.49
6343,1540.76
6344,1534.65
6345,1543.06
6346,1542.68
6347,1521.53
6348,1529.29
6349,1510.54
6350,1567.26
6351,1488.05
6352,1539.68
6353,1568.63
6354,1488.39
6355,1560.44
6356,1551.08
6357,1506.18
6358,1529.78
6359,1527.09
6360,1490.63
6361,1609.62
6362,1493.03
6363,1490.8
6364,1532.83
6365,1494.99
6366,1541.78
6367,1491.92
6368,1539.53
6369,1540.44
6370,1562.34
6371,1548.7
6372,1551.93
6373,1504.79
6374,1553.6
6375,1555.25
6376,1549.07
6377,1563.12
6378,1567.1
6379,1581.3
6380,1562.76
6381,1535.73
6382,1566.74
6383,1561.23
6384,1586.12
6385,1596.45
6386,1560.28
6387,1585.46
6388,1528.24
6389,1554.47
6390,1580.2
6391,1573.45
6392,1540.08
6393,1517.14
6394,1539.82
6395,1523.58
6396,1549.04
6397,1535.15
6398,1544.6
6399,1520.42
6400,1542.08
6401,1520.99
6402,1492.71
6403,1491.64
6404,1516.24
6405,1514.26
6406,1485.32
6407,1538.97
6408,1513.86
6409,1535.36
6410,1511.27
6411,1488.89
6412,1486.24
6413,1489.49
6414,1413.67
6415,1491.18
6416,1500.07
6417,1403.05
6418,1505.6
6419,1504.52
6420,1475.09
6421,1443
6422,1441.34
6423,1515.71
6424,1508.09
6425,1455.64
6426,1496.91
6427,1429.49
6428,1484.9
6429,1519.72
6430,1498.32
6431,1522.59
6432,1513.02
6433,1503.54
6434,1544.61
6435,1495.26
6436,1482.01
6437,1528.25
6438,1480.3
6439,1484.09
6440,1691.67
6441,1500.81
6442,1493.87
6443,1478.57
6444,1514.89
6445,1499.94
6446,1518.56
6447,1507.98
6448,1526.16
6449,1502.73
6450,1537
6451,1518.18
6452,1512.03
6453,1545.55
6454,1522.47
6455,1520.79
6456,1563.02
6457,1589.57
6458,1535.37
6459,1525.89
6460,1528.61
6461,1524.24
6462,1545.49
6463,1542.93
6464,1510.62
6465,1528.57
6466,1502.99
6467,1510.69
6468,1523.12
6469,84.2607
6470,1497.6
6471,70.2147
6472,117.613
6473,1471.05
6474,150.343
6475,1564.47
6476,1481.6
6477,95.854
6481,65.1965
6482,1492.63
6483,1853.84
6484,1641.29
6485,1506.93
6486,1595.92
6487,1494.7
6488,1524.16
6489,1540.07
6490,1492.86
6491,1615.35
6492,1525.72
6493,1527.38
6494,1523.42
6495,1520.79
6496,1538.55
6497,1512.85
6498,1526.96
6499,1522.84
6500,1541.26
6501,1512.39
6502,1527.67
6503,1512.42
6504,1501.78
6505,1561.05
6506,1569.24
6507,1556.41
6508,1514.77
6509,1551.94
6510,1540.72
6511,1552.28
6512,1532.92
6513,1519.78
6514,1507.25
6515,1526.84
6516,1535.2
6517,1525.5
6518,1628.62
6519,1476.12
6520,1524.9
6521,1822.81
6522,1510.16
6523,1585.45
6524,1518.25
6525,1505.71
6526,1470.55
6527,1506.8
6528,1511.63
6529,1502.69
6530,1474.64
6586,1554.92
6587,1522.61
6588,1527.28
6589,1561.01
6590,1549.25
6591,1577.42
6592,1578.97
6593,1569.3
6594,1612.25
6595,1603.51
6596,1586.11
6597,1537.39
6598,1543.29
6599,1560.36
6600,1542.63
6601,1503.61
6602,1546.39
6603,1536.74
6604,1551.48
6605,1563.57
6606,1459.34
6607,1468.88
6608,1560
6609,1495.27
6610,1509.68
6611,1541.18
6612,1498.25
6613,1543.3
6614,1405.8
6615,1469.36
6616,1524.36
6617,1564.47
6618,1491.9
6619,1567.63
6620,1454.99
6621,1576.83
6622,1466.28
6623,1461.85
6624,1409.5
6625,1539.17
6626,1530.04
6627,1463.13
6628,1595.61
6629,1486.31
6630,1472.84
6631,1449.41
6632,1454.62
6633,1487.57
6634,1506.89
6635,1495.35
6636,1497.86
6637,1565.69
6638,1529.4
6639,1548.04
6640,1522.63
6641,1545.77
6642,1541.11
6643,1523.13
6644,1526.26
6645,1561.36
6646,1551.66
6647,1572.84
6648,1570.11
6649,1559.83
6650,1597.6
6651,1570.98
6652,1583.19
6653,1588.63
6654,1564.72
6655,1579.44
6656,1574.15
6657,1576.36
6658,1595.79
6659,1585.49
6660,1560.5
6661,1580.7
6662,1555.49
6663,1529.09
6664,1530.79
6665,1535.31
6666,1607.86
6667,1509.62
6668,1555.15
6669,1545.76
6670,1530.77
6671,1549.61
6672,1523.94
6673,1524.06
6674,1535.23
6675,1502.41
6676,1509.27
6677,1539.76
6678,1503.83
6679,1746.45
6680,1479.75
6681,1452.15
6682,1459.09
6683,1471.94
6684,1480.1
6685,1487.38
6686,1479.46
6687,1464.57
6688,1458
6689,1479.42
6690,1539.5
6691,1433.65
6692,1485.64
6693,1482.67
6694,1473.72
6695,1441.48
6696,1420.48
6697,1416.38
6698,1425.13
6699,1521.97
6700,1478.88
6701,1083
6702,1513.28
6703,1504.87
6704,1483.81
6705,1491.97
6706,1532.52
6707,1458.83
6708,1505.03
6709,1479.91
6710,1488.95
6711,1501.04
6712,1496.05
6713,1510.76
6714,1504.23
6715,1497.2
6716,1530.7
6717,1485.84
6718,1531.26
6719,1483.23
6720,1534.73
6721,1524.55
6722,1556.28
6723,1557.89
6724,1556.18
6725,1547.76
6726,1549.94
6727,1562.14
6728,1550.7
6729,1509.31
6730,1562.07
6731,1539.4
6732,1551.74
6733,1564.07
6734,1536.87
6735,1508.03
6736,1511.05
6737,1516.99
6738,1496.97
6739,1515.04
6740,1535.57
6741,1509.36
6742,1502.15
6743,1514.87
6744,1672.75
6745,1475.11
6746,1531.44
6747,1467.4
6748,1479.18
6749,1490.89
6750,1432.1
6751,1466.29
6752,1478.64
6753,1460.8
6754,1470.65
6755,1482.29
6756,1574.48
6757,1540.15
6758,1503.93
6759,1434.51
6760,1490.8
6761,1416.55
6762,1893.68
6763,1583.8
6764,1460.57
6765,1515.02
6766,1513.14
6767,1439.2
6768,1522.21
6769,1372.12
6770,1526.03
6771,1529.74
6772,1439.51
6773,1515.62
6774,1486.2
6775,1450.04
6776,1538.19
6777,1485.06
6778,1543.99
6779,1542.67
6780,1534.11
6781,1537.85
6782,1522.76
6783,1574.3
6784,1577.7
6785,1538.23
6786,1512.97
6787,1560.31
6788,1558.22
6789,1757.89
6790,1676.24
6791,72.3694
6792,1605
6794,1580.54
6795,1513.56
6796,108.686
6797,1529.04
6855,1564.65
6856,1521.75
6857,1566.27
6858,1395.59
6859,1463.94
6860,1454.1
6861,1387.19
6862,1533.28
6863,1518.8
6864,1462.91
6865,1495.68
6866,1544.35
6867,1538.5
6868,1472.79
6869,1451.5
6870,1482.08
6871,1499.96
6872,1445
6873,1483.14
6874,1552
6875,1522.9
6876,1624.31
6877,1593.36
6878,1539.44
6879,1511.73
6880,1421.05
6881,1468.36
6882,1612.96
6883,1544.59
6884,1583.32
6885,1616.9
6886,1583.53
6887,1569.92
6888,1503.81
6889,1568.01
6890,1604.46
6891,1585.51
6892,1544.07
6893,1569.63
6894,1494.18
6895,1526.41
6896,1499.11
6897,1485.99
6898,1507.56
6899,1475.23
6900,1520.91
6901,1475.8
6902,1546.47
6903,1562.41
6904,1530.55
6905,1585.36
6906,1531.68
6907,1560.49
6908,1578.9
6909,1552.31
6910,1550.57
6911,1585.66
6912,1564.28
6913,1593.31
6914,1582.61
6915,1645.71
6916,1592
6917,1557.73
6918,1570.3
6919,1588.94
6920,1608.4
6921,1600.02
6922,1627.36
6923,1570.87
6924,1568.55
6925,1562.27
6926,1537.52
6927,1547.78
6928,1542.34
6929,1557.05
6930,1575.27
6931,1553.04
6932,1581.5
6933,1539.88
6934,1540.61
6935,1568.62
6936,1526.27
6937,1558.69
6938,1534.73
6939,1487.99
6940,1514.67
6941,1537.34
6942,1491.21
6943,1526.2
6944,85.4195
6945,62.3581
6946,1504.8
6947,1487.76
6948,1494.49
6949,1448.74
6950,1448.27
6951,1495.26
6952,1452.87
6953,1485.99
6954,1534.09
6955,1490.37
6956,1507.15
6957,1454.1
6958,1447
6959,1490
6960,1426.6
6961,1448.8
6962,1426.71
6963,1397.66
6964,1512.31
6965,1464.18
6966,1478.65
6967,1446.96
6968,1496.32
6969,1519.77
6970,1495.87
6971,1441.74
6972,1488.98
6973,1505.46
6974,1493
6975,1501.53
6976,1485.85
6977,1516.01
6978,1506.01
6979,1508.82
6980,1545.29
6981,1500.65
6982,1520.23
6983,1537.81
6984,1522.27
6985,1510.07
6986,1543.61
6987,1521.8
6988,1574.72
6989,1513.92
6990,1560.51
6991,1573.55
6992,1557.71
6993,1551.83
6994,1552.47
6995,1536.89
6996,1557.16
6997,1524.89
6998,1511.41
6999,1553.85
7000,1530.25
7001,1547.71
7002,1536.09
7003,1512.83
7004,1542.55
7005,1529.4
7006,1492.64
7007,1502.28
7008,1508.63
7009,1539.18
7010,1511.02
7011,1494.53
7012,1494.87
7013,1459.3
7014,1446.47
7015,1480.13
7016,1459.73
7017,1457.82
7018,1468.3
7019,1452.65
7020,1540.84
7021,1566.39
7022,1546.78
7023,1538.79
7024,1378.82
7025,1444.75
7026,1456.81
7027,1485.68
7028,1468.66
7029,1512.14
7030,1450.33
7031,1500.17
7032,1418.01
7033,1402.08
7034,1517.2
7035,1483.53
7036,1570.42
7037,1494.79
7038,1521.31
7039,1509.44
7040,1436.12
7041,1469.16
7042,1499.8
7043,1387.35
7044,1463.61
7045,1478.43
7046,1521.71
7047,1565.66
7048,1464.68
7049,1451.61
7050,1516.85
7051,1544.2
7052,1458.99
7053,1421.86
7054,1384.94
7055,1433.22
7057,1563.27
7058,79.3889
7062,64.7889
7063,65.4544
7118,2055.52
7119,1532.61
7120,1606.81
7121,2182.95
7122,2973.18
7123,1696.22
7124,1593.92
7125,1399.94
7126,1428.48
7127,1522.32
7128,1556.59
7129,1467.68
7130,1466.79
7131,1520.15
7132,1466.26
7133,1621.01
7134,1548.21
7135,1476.83
7136,1418.82
7137,1488.56
7138,1444.44
7139,1487.24
7140,1462.45
7141,1432.97
7142,1486.95
7143,1493.33
7144,1486.16
7145,1523.27
7146,1499.12
7147,1497.67
7148,1528.08
7149,1444.24
7150,1494.5
7151,1444.1
7152,1583.01
7153,1514.11
7154,2019.73
7156,1482.33
7157,2059.75
7158,1491
7159,1483.42
7160,1843.56
7161,1583.3
7162,1617.16
7163,1612.47
7164,1551.74
7165,1594.11
7166,1600.17
7167,1570.93
7168,1591.85
7169,1560.03
7170,1533.93
7171,1623.95
7172,1561.32
7173,1536.39
7174,1601.86
7175,1625.3
7176,1592.9
7177,1580.89
7178,1546.1
7179,1576.33
7180,1518.56
7181,1533.44
7182,1555.51
7183,1548.08
7184,1581.17
7185,1580.91
7186,1525.85
7187,1565.51
7188,1565.27
7189,1518.77
7190,1581.54
7191,1521.8
7192,1433.17
7193,1701.48
7194,1454.88
7195,1438.6
7196,1693.92
7197,1396.31
7198,1543.6
7199,1508.93
7200,1559.07
7201,1489.54
7202,1449.55
7203,1504.63
7205,1483.39
7206,1495.58
7207,1446.67
7208,1473.41
7209,1545.47
7210,1453.3
7211,1521.83
7212,1602.64
7213,1433.27
7214,1523.38
7215,1496.13
7216,1553.83
7217,1472.27
7218,1412.07
7219,1472.05
7220,1526.99
7221,1482.07
7222,1557.26
7223,1474.35
7224,1458.03
7225,1480.17
7226,1384.14
7227,1477.69
7228,1466.23
7229,1436.29
7230,1500.32
7231,1469.65
7232,1504.41
7233,1509.42
7234,1345.82
7235,1400.43
7236,1539.32
7237,1394.85
7238,1569.18
7239,1488.61
7240,1414.77
7241,1547.96
7242,1494.29
7243,1525.72
7244,1526
7245,1497.38
7246,1545.05
7247,1527.68
7248,1522.43
7249,1551.34
7250,1520.66
7251,1534.92
7252,1493
7253,1519.8
7254,1514.55
7255,1518.06
7256,1529.68
7257,1549.52
7258,1470.63
7259,1539.92
7260,1515.77
7261,1486.57
7262,1530.74
7263,1527.47
7264,1506.52
7265,1505.26
7266,1521.95
7267,1561.84
7268,1518.43
7269,1423.05
7270,1511.99
7271,1442.41
7272,1462.18
7273,1466.81
7274,1433.58
7275,1564.69
7276,1430.81
7277,1600.21
7278,1480.87
7279,1502.85
7280,1530.81
7281,1464.36
7282,1408.25
7283,1416.24
7284,1462.56
7285,1402.4
7286,1444.56
7287,1399.5
7288,1413.36
7289,1406.22
7290,1363.52
7291,1430.32
7292,1415.06
7293,1407.91
7294,1438.02
7295,1411.85
7296,1478.51
7297,1526.66
7298,1527.83
7299,1485.32
7300,1458.38
7301,1394.52
7302,1454.57
7303,1484.76
7304,1500.76
7305,1475.24
7306,1432.72
7307,1526.79
7308,1453.92
7309,1556.66
7310,1513.61
7311,1475.74
7312,1476.07
7313,1519.24
7375,1389.46
7376,1472.67
7377,1460.02
7378,1395.11
7379,1597.21
7380,1560.24
7381,1509.03
7382,1614.51
7383,1432.17
7384,1593.38
7385,1440.23
7386,1438.48
7387,1452.63
7388,1481.82
7389,1480.84
7390,1468.52
7391,1618.68
7392,1491.86
7393,1650.18
7394,1430.09
7395,1479.33
7396,1535.82
7397,1456.78
7398,1667.34
7399,1694.4
7400,1482.42
7401,1830.45
7402,1652.47
7403,1637.57
7404,1655.27
7405,1574.52
7406,1622.86
7407,1582.55
7408,1629.44
7409,1565.6
7410,1714.83
7411,1590.04
7412,1706.68
7413,1572.02
7414,1611.92
7415,1549.92
7416,1558.22
7417,1576.03
7418,1585.16
7419,1608.18
7420,1580.09
7421,1546.42
7422,1614.39
7423,1579.38
7424,1609.73
7425,1581.89
7426,1535.34
7427,1591.63
7428,1504.33
7429,1566.82
7430,1583
7431,1548.13
7432,1591.18
7433,1571.68
7434,1537.58
7435,1503.61
7436,1553.11
7437,1445.06
7438,1570.92
7439,1445.67
7440,1461.85
7441,1470.52
7442,1483.54
7443,1579.07
7444,1452.06
7445,1415.87
7446,1497.28
7447,1535.74
7448,1557.78
7449,1443.42
7450,1465.33
7451,1399.42
7452,1437.78
7453,1409.12
7454,1464.08
7455,1448.6
7456,1491.83
7457,1511.89
7458,1464.11
7459,1484.18
7460,1445.81
7461,1501.31
7462,1508.35
7463,1490.03
7464,1530.23
7465,1502.36
7466,1450.08
7467,1562.82
7468,1466.91
7469,1419.56
7470,1481.96
7471,1447.59
7472,1495.38
7473,1537.5
7474,1443.93
7475,1500.91
7476,1451.91
7477,1462.88
7478,1492.46
7479,1427.43
7480,1482.89
7481,1493.47
7482,1525.19
7483,1424.07
7484,1386.42
7485,1392.33
7486,1372.53
7487,1486.57
7488,1517.34
7489,1438.86
7490,1368.14
7491,1527.94
7492,1387.89
7493,1434.56
7494,1559.27
7495,1462.79
7496,1471.03
7497,1548.36
7498,1430.25
7499,1504.41
7500,1514.54
7501,1491.26
7502,1554.15
7503,1503.53
7504,1533.92
7505,1553.3
7506,1509.88
7507,1541.32
7508,1519.43
7509,1499.71
7510,1490.63
7511,1501.85
7512,1547.03
7513,1536.7
7514,1461.76
7515,1530.54
7516,1515.49
7517,1516.6
7518,1544.21
7519,1514.95
7520,1532.93
7521,1779.48
7522,1527.15
7523,1548.22
7524,1541.58
7525,1500.97
7526,1498.7
7527,1400.22
7528,1476.39
7529,1431.83
7530,1438.36
7531,1487.17
7532,1461.88
7533,1494.39
7534,1577.14
7535,1502.09
7536,1461.01
7537,1486.37
7538,1436.56
7539,1483.08
7540,1503.68
7541,1443.61
7542,1541.96
7543,1519.88
7544,1442.06
7545,1468.15
7546,1431.48
7547,1494.69
7548,1470.67
7549,1438.39
7550,1454.85
7551,1522.6
7552,1588.55
7553,1608.95
7554,1550.75
7555,1590.82
7556,1570.36
7557,1452.3
7558,1481.93
7559,1483.24
7560,1510.98
7561,1585.01
7623,1541.33
7624,1481.11
7625,1430.74
7626,1456.97
7627,1447.66
7628,1450.66
7629,1496.2
7630,1539.64
7631,1430.17
7632,1473.16
7633,1580.92
7634,1534.34
7635,1576.04
7636,1391.03
7637,1421.65
7638,1638.26
7639,1741.22
7640,1674.83
7641,1710.02
7642,1655.11
7643,1736.43
7644,1618.85
7645,1685.02
7646,1651.26
7647,1733.95
7648,1583.1
7649,1630.12
7650,1631.61
7651,1584.38
7652,1559.83
7653,1555.06
7654,1583.28
7655,1566.72
7656,1563.91
7657,1572.06
7658,1604.24
7659,1600.8
7660,1580.34
7661,1574.16
7662,1597.02
7663,1604.74
7664,1537.52
7665,130.686
7666,1561.38
7667,77.0992
7668,1551.4
7669,1534.6
7670,1572.94
7671,1570.23
7672,1567.58
7673,1523.25
7674,1606.09
7675,1596.19
7676,1562.85
7677,1565.26
7678,1536.93
7679,1483.49
7680,1461.01
7681,1488.54
7682,1496.65
7683,1500.88
7684,1452.8
7685,1450.24
7686,1495.22
7687,1496.38
7688,1538.36
7689,1428.64
7690,1457.09
7691,1453.56
7692,1466.55
7693,1483.99
7694,1474.98
7695,1441.69
7696,1395.42
7697,1405.44
7698,1518.53
7699,1537
7700,1461.44
7701,1574.41
7702,1460.46
7703,1509.05
7704,1413.76
7705,1452.85
7706,1458.23
7707,1474.47
7708,1458.11
7709,1519.42
7710,1465.15
7711,1525.11
7712,1471.1
7713,1528.28
7714,1486.63
7715,1504.09
7716,1490.08
7717,1457.34
7718,1488.41
7719,1484.38
7720,1443.71
7721,1469.81
7722,1489.69
7723,1460.13
7724,1519.05
7725,1520.53
7726,1495.26
7727,1505.27
7728,1338.76
7729,1361.71
7730,1391.37
7731,1410.54
7732,1400.44
7733,1422.17
7734,1366.17
7735,1405.37
7736,1470.37
7737,1371.09
7738,1442.55
7739,1452.13
7740,1437.89
7741,1436.5
7742,1468.13
7743,1463.46
7744,1469.34
7745,1479.12
7746,1492.48
7747,1499.58
7748,1505.04
7749,1527.97
7750,1539.02
7751,1565.5
7752,1512.62
7753,1502.36
7754,1516
7755,1511.29
7756,1484.04
7757,1497.9
7758,1527.81
7759,1506.68
7760,1488.38
7761,1617.68
7762,1541.84
7763,1522.37
7764,1513.59
7765,1494.36
7766,1501.13
7767,1545.42
7768,1503.4
7769,1504.1
7770,1504.85
7771,1494.42
7772,1506.32
7773,1475.62
7774,1500.96
7775,1459.76
7776,1445.35
7777,1507.94
7778,1535.95
7779,1457.4
7780,1457.68
7781,1526.49
7782,1520.62
7783,1473.93
7784,1496.46
7785,1550.38
7786,1597.51
7787,1479.45
7788,1446.92
7789,1432.2
7790,1579.2
7791,1561.18
7792,1474.86
7793,1562.39
7794,1470.66
7795,1426.41
7796,1491.7
7797,1474.34
7798,1450.66
7799,1494.94
7800,1462.8
7801,1461.93
7802,1457.73
7865,1418.91
7866,1488.26
7867,1538.37
7868,1521.06
7869,1598.26
7870,1561.2
7871,1587.01
7872,1575.64
7873,1545.41
7874,1690.97
7875,1539.7
7876,1663.68
7877,1585.35
7878,1566.31
7879,1698.58
7880,1597.3
7881,1697.05
7882,1726.56
7883,1564.77
7884,1536.55
7885,1639.11
7886,1532.52
7887,1595.25
7888,1617.91
7889,1542.33
7890,1620.19
7891,1601.63
7892,1554.88
7893,1607.9
7894,1580.98
7895,1609.59
7896,1650.4
7897,1580.62
7898,1604.74
7899,90.7032
7900,1562.45
7902,1634.59
7903,1547.5
7904,1592.77
7905,1505.98
7906,1813.24
7907,1547.9
7908,1612.77
7909,1577.19
7910,1524.04
7911,1575.86
7912,1592.39
7913,1573.82
7914,1573.91
7915,1543.87
7916,1506.09
7917,1609.1
7918,1621.9
7919,1564.78
7920,1567.89
7921,1489.71
7922,1519.18
7923,1600.56
7924,1456.04
7925,1546.52
7926,1480.94
7927,1457.77
7928,1487.26
7929,1549.32
7930,1552.22
7931,1450.09
7932,1460.13
7933,1500.61
7934,1470.09
7935,1544.95
7936,1619.36
7937,1461.45
7938,1512.02
7939,1466.46
7940,1458.24
7941,1527.46
7942,1507.65
7943,1456.91
7944,1449.7
7945,1398.8
7946,1595.9
7947,1505.3
7948,1459.9
7949,1632.31
7950,1476.78
7951,1550.02
7952,1574.15
7953,1419.78
7954,1560.93
7955,1493.05
7956,1450.48
7957,1483.07
7958,1429.96
7959,1457.19
7960,1519.49
7961,1469.48
7962,1469.29
7963,1432.2
7964,1489.08
7965,1548.67
7966,1481.3
7967,1496.71
7968,1461.41
7969,1411.4
7970,1554.2
7971,1400.3
7972,1540.8
7973,1504.33
7974,1406.69
7975,1472.67
7976,1534.55
7977,1465.54
7978,1598.14
7979,1595.88
7980,1497.24
7981,1497.61
7982,1521.43
7983,1522.98
7984,1511.13
7985,1476.07
7986,1523.26
7987,1505.43
7988,1541.61
7989,1532.02
7990,1515.24
7991,1536.42
7992,1558.67
7993,1501.92
7994,1545.73
7995,1547.61
7996,1466.63
7997,1587.03
7998,1516.71
7999,1489.07
8000,1583.44
8001,1537.99
8002,1531.52
8003,1538.66
8004,1497.62
8005,1566.28
8006,1506.8
8007,1532.85
8008,1549.62
8009,1485.12
8010,1545.13
8011,1529.48
8012,1502.55
8013,1556.18
8014,1483.78
8015,1523.39
8016,1574.09
8017,1484.6
8018,1587.98
8019,1496
8020,1528.33
8021,1518.55
8022,1502.69
8023,1502.53
8024,1522.95
8025,1491.23
8026,1518.5
8027,1476.58
8028,1538.62
8029,1499.65
8030,1493.93
8031,1592.69
8032,1547.13
8033,1504.23
8034,1481.64
8035,1493.48
8036,1448.83
8099,1479.88
8100,1537.19
8101,1484.62
8102,1511.71
8103,1537.25
8104,1494.09
8105,1577.28
8106,1539.67
8107,1544.04
8108,1578.96
8109,1519.45
8110,1562.67
8111,1546.39
8112,1532.49
8113,1599.75
8114,1604.58
8115,1565.84
8116,1617.07
8117,1571.51
8118,1605.78
8119,1587.12
8120,1573.08
8121,1589.86
8122,1569.89
8123,1589.9
8124,1627.84
8125,1549.8
8126,68.4482
8127,1578.15
8128,1521.14
8129,74.1347
8130,1542.6
8131,70.0309
8132,1580.47
8133,1512.21
8134,1471.58
8135,1544.22
8136,1527.64
8137,1534.08
8138,1549.88
8139,1497.64
8140,1570.87
8141,1527.1
8142,1519.36
8143,1558.84
8144,1528.88
8145,1567.78
8146,1559
8147,1517.27
8148,1561.68
8149,1503.66
8150,1499.75
8151,1531.02
8152,1468.35
8153,1463.21
8154,1595.67
8155,1497.96
8156,1523.37
8157,1579.93
8158,1480.16
8159,1539.31
8160,1423.6
8161,1473.89
8162,1529.77
8163,1482.68
8164,1511.02
8165,1623.23
8166,1461.4
8167,1487.1
8168,1581.8
8169,1527.63
8170,1551.27
8171,1468.05
8172,1522.23
8173,1495.15
8174,1597.71
8175,1544.55
8176,1522.15
8177,1541.61
8178,1545.88
8179,1560.34
8180,1551.8
8181,1547.47
8182,1540.27
8183,1538.84
8184,1495.94
8185,1526.03
8186,1526.41
8187,1561.59
8188,1510.95
8189,1501.08
8190,1461.18
8191,1562.12
8192,1554.6
8193,1478.7
8194,1430.18
8195,1428.24
8196,1452.16
8197,1553.4
8198,1441.44
8199,1465.51
8200,1421.63
8201,1475.03
8202,1520.79
8203,1404.67
8204,1498.51
8205,1584.01
8206,1505.97
8207,1564.12
8208,1454.95
8209,1471.27
8210,1484.14
8211,1444.16
8212,1507
8213,1464.08
8214,1472.94
8215,1517.77
8216,1478
8217,1528.45
8218,1522.04
8219,1507.11
8220,1536.91
8221,1503.15
8222,1492.4
8223,1521.09
8224,1485.45
8225,1535.35
8226,1527.76
8227,1483.49
8228,1563.44
8229,1532.97
8230,1551.31
8231,1568.25
8232,1731.64
8233,1581.12
8234,1554.09
8235,1523.07
8236,1559.75
8237,1545.59
8238,1503.67
8239,1572.13
8240,1497.59
8241,1536.27
8242,1520.02
8243,1515.82
8244,1554.25
8245,1502.28
8246,1523.44
8247,1555.86
8248,1474.47
8249,1523.7
8250,1553.03
8251,1511.32
8252,1520.26
8253,1508.25
8254,1486.7
8255,1524.1
8256,1499.86
8257,1534.96
8258,1529.86
8259,1507.25
8260,1527.75
8261,1478.53
8262,1479.12
8326,1499.02
8327,1534.3
8328,1506.5
8329,1499.94
8330,1520.6
8331,1504.36
8332,1505.6
8333,1532.65
8334,1520.47
8335,1550.13
8336,1496.48
8337,1523.52
8338,1521.92
8339,1497.31
8340,1576.22
8341,1560.49
8342,1551.45
8343,1509.81
8344,1589.8
8345,1521.45
8346,1600.96
8347,1503.91
8348,1532.3
8349,1529.64
8350,1547.53
8351,1587.03
8352,1483.77
8353,1550.72
8354,1500.38
8355,1504.63
8356,1533.94
8357,1587.16
8358,1486.61
8359,1523.31
8360,1447.87
8361,1499.52
8362,1557.75
8363,1505.78
8364,1518.73
8365,1474.91
8366,1493.96
8367,1512.37
8368,1449.97
8369,1499.46
8370,1632.4
8371,1522.1
8372,1520.76
8373,1478.78
8374,1489.78
8375,1487.95
8376,1425.52
8377,1571.15
8378,1526.89
8379,1590.03
8380,1601
8381,1416.51
8382,1476.11
8383,1457.65
8384,1434.06
8385,1506.34
8386,1435.64
8387,1531.98
8388,1619.3
8389,1469.69
8390,1433.76
8391,1610.32
8392,1442.8
8393,1528.37
8394,1512.56
8395,1480.21
8396,1495.04
8397,1479.57
8398,1539.29
8399,1495.32
8400,1514.17
8401,1481.88
8402,1522.25
8403,1652.95
8404,1480.76
8405,1488.44
8406,1453.39
8407,1560.08
8408,1488.54
8409,1494.16
8410,1498.55
8411,1486.04
8412,1528.94
8413,1522.24
8414,1550.18
8415,1541.8
8416,1452.45
8417,1446.65
8418,1392.87
8419,1499.05
8420,1544.23
8421,1423.46
8422,1465.6
8423,1453.11
8424,1330.53
8425,1457.24
8426,1408.4
8427,1536.59
8428,1626.3
8429,1613.94
8430,1567.75
8431,1479.68
8432,1465.16
8433,1458.63
8434,1530.77
8435,1456.27
8436,1493.96
8437,1533.86
8438,1453.16
8439,1509.52
8440,1456.67
8441,1492.95
8442,1461.41
8443,1464.3
8444,1512.84
8445,1595.48
8446,1464.08
8447,1524.08
8448,1447.02
8449,1482.7
8450,1610.12
8451,1660.35
8452,1535.89
8453,1574.57
8454,1546.87
8455,1606.17
8456,1516.18
8458,1539.28
8459,1518.28
8460,1548.59
8461,1511.58
8462,1505.69
8463,1537.28
8464,1558.46
8465,1490.28
8466,1597.67
8467,1495.76
8468,1502.06
8469,1507.82
8470,1645.09
8471,1536.2
8472,1479.13
8473,1503.81
8474,1531.22
8475,1498.89
8476,1509.25
8477,1493.66
8478,1485.68
8479,1510.65
8480,1475.27
8481,1477.48
8542,3481.15
8543,3456.98
8546,1507.34
8547,1534.27
8548,1498.87
8549,1494.97
8550,1536.4
8551,1541.32
8552,1546.43
8553,1535.04
8554,1517.11
8555,1558.16
8556,1509.05
8557,1505.36
8558,1513.46
8559,1520.79
8560,1533.28
8561,1534.38
8562,1552.99
8563,1645.04
8564,1518.06
8565,1493.36
8566,1686.05
8567,1625.04
8568,1729.99
8569,1470.15
8570,1557.06
8571,1468.33
8572,1470.98
8573,1464.23
8574,1529.55
8575,1462.82
8576,1457.85
8577,1520.51
8578,1491.7
8579,1532.89
8580,1525.85
8581,1464.21
8582,1487.32
8583,1496.85
8584,1514.74
8585,1508.87
8586,1488.45
8587,1468.73
8588,1474.58
8589,1489.48
8590,1521.31
8591,1459.4
8592,1433.58
8593,1513.61
8594,1478.8
8595,1449.54
8596,1436.23
8597,1396.18
8598,1518.97
8599,1408.38
8600,1394.17
8601,1456.2
8602,1413.16
8603,1508.62
8604,1424.59
8605,1388.2
8606,1428.99
8607,1573.64
8608,1557.22
8609,1501.07
8610,1493.67
8611,1525.29
8612,1489.84
8613,1507.89
8614,1509.27
8615,1538.33
8616,1518.57
8617,1532.66
8618,1506.37
8619,1471.8
8620,1526.75
8621,1456.2
8622,1505.58
8623,1504.76
8624,1495.53
8625,1534.08
8626,1491.36
8627,1518.37
8628,1510.57
8629,1494.96
8630,1515.26
8631,1513.65
8632,1569.86
8633,1438.83
8634,1409.77
8635,1428.09
8636,1421.62
8637,1414.26
8638,1458.56
8639,1367.71
8640,1380.58
8641,1500.75
8642,1379.18
8643,1511.48
8644,1401.69
8645,1509.55
8646,1547.59
8647,1469.66
8648,1450.65
8649,1525.98
8650,1509.65
8651,1501.45
8652,1415.8
8653,1425.35
8654,1448.92
8655,1486.57
8656,1510.72
8657,1490.84
8658,1465.34
8659,1496.72
8660,1429.83
8661,1490.12
8662,1502.53
8663,1484.55
8664,1459.78
8665,1457.3
8666,1484.97
8667,1509.61
8668,1505.7
8669,1412.37
8670,1440.11
8671,1584.86
8672,1615.92
8673,1506.76
8674,1504.54
8675,1631.05
8676,1482
8677,1522.24
8678,1518.24
8679,1499.59
8680,1495.01
8681,1505.99
8682,1506.92
8683,1536.93
8684,1482.53
8685,1485.97
8686,1505.94
8687,1488.97
8688,1498.82
8689,1490.74
8690,1484.81
8691,1496.45
8692,1525.73
8693,1480.38
8758,1647.27
8759,1565.06
8760,1798.7
8761,1507.25
8762,1661.94
8763,1586.26
8764,1558.02
8765,1530.11
8766,1520.98
8767,1539.1
8768,1511.75
8769,1528.45
8770,1516.21
8771,1444.42
8772,1634.77
8773,1512.6
8774,1429.89
8775,1620.12
8776,1632.78
8777,1478.51
8778,1425.85
8779,1578.2
8780,1518.56
8781,1548.07
8782,1680.28
8783,1507.44
8784,1576.7
8785,1524.58
8786,1559.33
8787,1487.69
8788,1470.86
8789,1577.69
8790,1600.38
8791,1518.52
8792,1484.56
8793,1501.13
8794,1557.5
8795,1616.75
8796,1501.89
8797,1427.01
8798,1785.8
8799,1482.27
8800,1503.27
8801,1536.83
8802,1620.91
8803,1356.98
8804,1558.93
8805,1451.79
8806,1551.48
8807,1426.67
8808,1434.76
8809,1460.51
8810,1519.16
8811,1431.56
8812,1439.43
8813,1452.47
8814,1420.16
8815,1431.69
8816,1437.81
8817,1512.96
8818,1520.39
8819,1538.21
8820,1528.96
8821,1447.28
8822,1499.85
8823,1521.64
8824,1551.57
8825,1531.4
8826,1513.6
8827,1480.25
8828,1502.61
8829,1457.4
8830,1503.51
8831,1508.31
8832,1522.39
8833,1513.59
8834,1474.26
8835,1468.74
8836,1536.94
8837,1525.2
8838,1457.39
8839,1460.81
8840,1445.33
8841,1449.76
8842,1452.61
8843,1447.52
8844,1433.13
8845,1519.73
8846,1396.18
8847,1393.58
8848,1417.2
8849,1509.5
8850,1406.48
8851,1518.49
8852,1545.97
8853,1670.78
8854,1612.6
8855,1492.32
8856,1511.58
8857,1475.21
8858,1471.67
8859,1539.36
8860,1478.85
8861,1461.9
8862,1444.19
8863,1493.35
8864,1484.11
8865,1557.35
8866,1498.51
8867,1465.44
8868,1457.18
8869,1527.13
8870,1512.34
8871,1486.76
8872,1591.84
8873,1651.49
8874,1553.34
8875,1596.07
8876,1575.58
8877,1473.82
8878,1439.39
8879,1591.46
8880,1561.56
8881,1461.25
8882,1493.95
8883,1455.67
8884,1556.4
8885,1473.41
8886,1506.73
8887,1517.25
8888,1441.86
8889,1510.59
8890,1495.24
8891,1690.15
8892,1532.02
8893,1681.17
8894,1478.98
8895,1497.12
8896,1714.42
8897,1606.46
8962,1658.75
8963,1735.09
8964,1494.3
8965,1538.96
8966,1512.89
8967,1465.67
8968,1457.69
8969,1591.45
8970,1485.7
8971,1450.48
8972,1446.97
8973,1504.93
8974,1602.16
8975,1515.48
8976,1500.84
8977,1575.37
8978,1469.2
8979,1554.72
8980,1476.83
8981,1553.97
8982,1493.79
8983,1505.08
8984,1499.44
8985,1649.5
8986,1499.49
8987,1543.29
8988,1519.27
8989,1475.6
8990,1521.04
8991,1523.23
8992,1500.81
8993,1527.36
8994,1509.57
8995,1477.96
8996,1506.42
8997,1544.09
8998,1561.84
8999,1575.38
9000,1508.27
9001,1515.11
9002,1545.42
9003,1485.36
9004,1559.8
9005,1579
9006,1603.82
9007,1485.63
9008,1571.88
9009,1500.34
9010,1461.31
9011,1498.53
9012,1472.53
9013,1521.17
9014,1486.76
9015,1443.4
9016,1483.72
9017,1483.45
9018,1512.6
9019,1492.61
9020,1526.57
9021,1468.59
9022,1503.21
9023,1534.59
9024,1523.4
9025,1512.92
9026,1621.3
9027,1451.13
9028,1528.49
9029,1602.79
9030,1466.82
9031,1488.33
9032,1468.02
9033,1485.97
9034,1487.91
9035,1518.01
9036,1513.83
9037,1513.47
9038,1461.83
9039,1461.4
9040,1496.61
9041,1532.69
9042,1513.27
9043,1498.74
9044,1500.06
9045,1458.52
9046,1438.85
9047,1530.19
9048,1590.75
9049,1587.08
9050,1545.72
9051,1522.26
9052,1537.3
9053,1466.76
9054,1468.33
9055,1507.37
9056,1440.32
9057,1556.81
9058,1453.23
9059,1424.9
9060,1473.29
9061,1436.87
9062,1460.89
9063,1470.55
9064,1420.22
9065,1465
9066,1459.97
9067,1471.6
9068,1445.16
9069,1473.23
9070,1550.98
9071,1473.59
9072,1494.21
9073,1478.23
9074,1470.29
9075,1531.28
9076,1482.11
9077,1406.49
9078,1531.76
9079,1464.09
9080,1461.96
9081,1598.77
9082,1495.66
9083,1453.46
9084,1453.33
9085,1430.43
9086,1533.51
9087,1400.54
9088,1462.61
9089,1430.19
9090,1495.07
9091,1601.2
9092,1551.53
9093,1540.54
9349,3431.42
9451,3445.06
9530,3404.6
9599,3461.2
9602,3471.37
